article_id,title,url,published_date,title_source,date_precision
1626556,Siete frases del mindefensa de petro que cambiarian el ejercito para siempre,https://cambiocolombia.com/poder/articulo/2022/8/siete-frases-del-mindefensa-de-petro-que-cambiarian-el-ejercito-para-siempre,2022-08-01,slug,day
1657973,El general que le rendira honores al nuevo presidente,https://cambiocolombia.com/poder/articulo/2022/8/el-general-que-le-rendira-honores-al-nuevo-presidente,2022-08-01,slug,day
1659931,Las tasas de interes no han logrado bajar la inflacion,https://cambiocolombia.com/economia/articulo/2022/8/las-tasas-de-interes-no-han-logrado-bajar-la-inflacion,2022-08-01,slug,day
1662220,Las razones detras de la nueva solicitud de preclusion de la fiscalia en el caso,https://cambiocolombia.com/poder/articulo/2022/8/las-razones-detras-de-la-nueva-solicitud-de-preclusion-de-la-fiscalia-en-el-caso,2022-08-01,slug,day
1674449,Protestas por adjudicacion del canal del dique,https://cambiocolombia.com/en-cambio/articulo/2022/8/protestas-por-adjudicacion-del-canal-del-dique,2022-08-01,slug,day
1678735,Sin el pan y sin el queso,https://cambiocolombia.com/puntos-de-vista/articulo/2022/8/sin-el-pan-y-sin-el-queso,2022-08-01,slug,day
1684461,Esteban restrepo la ficha de petro en antioquia que despierta rechazo,https://cambiocolombia.com/en-cambio/articulo/2022/8/esteban-restrepo-la-ficha-de-petro-en-antioquia-que-despierta-rechazo,2022-08-01,slug,day
1693856,Continuara ingreso solidario,https://cambiocolombia.com/economia/articulo/2022/8/continuara-ingreso-solidario,2022-08-01,slug,day
1699384,El legado que recibe gustavo petro en la dian,https://cambiocolombia.com/economia/articulo/2022/8/el-legado-que-recibe-gustavo-petro-en-la-dian,2022-08-01,slug,day
1702067,La cifra de los millones de la paz,https://cambiocolombia.com/puntos-de-vista/articulo/2022/8/la-cifra-de-los-500000-millones-de-la-paz,2022-08-01,slug,day
1702397,Ivan duque deja otro de sus amigotes en una apetecida notaria,https://cambiocolombia.com/poder/articulo/2022/8/ivan-duque-deja-otro-de-sus-amigotes-en-una-apetecida-notaria,2022-08-01,slug,day
1704699,El trino del psuv elogiando francia marquez,https://cambiocolombia.com/en-cambio/articulo/2022/8/el-trino-del-psuv-elogiando-francia-marquez,2022-08-01,slug,day
1710225,Las alertas criticas del equipo de empalme sobre la colombia que recibira gustavo,https://cambiocolombia.com/poder/articulo/2022/8/las-alertas-criticas-del-equipo-de-empalme-sobre-la-colombia-que-recibira-gustavo,2022-08-01,slug,day
1713315,Eeuu mata con dron al lider de al qaeda ayman al zawahiri,https://cambiocolombia.com/poder/articulo/2022/8/eeuu-mata-con-dron-al-lider-de-al-qaeda-ayman-al-zawahiri,2022-08-01,slug,day
1614741,Verdades incomodas en las aulas,https://cambiocolombia.com/puntos-de-vista/articulo/2022/8/verdades-incomodas-en-las-aulas,2022-08-02,slug,day
1615823,Con ayuda de integrantes activos y retirados del ejercito matamba logro monopolio,https://cambiocolombia.com/poder/articulo/2022/8/con-ayuda-de-integrantes-activos-y-retirados-del-ejercito-matamba-logro-monopolio,2022-08-02,slug,day
1618415,Las advertencias ignoradas sobre llegada de narcos mexicanos colombia,https://cambiocolombia.com/poder/articulo/2022/8/las-advertencias-ignoradas-sobre-llegada-de-narcos-mexicanos-colombia,2022-08-02,slug,day
1628334,Petro hood,https://cambiocolombia.com/puntos-de-vista/articulo/2022/8/petro-hood,2022-08-02,slug,day
1635956,Las razones de nancy pelosi para aterrizar en taiwan pesar de las amenazas de china,https://cambiocolombia.com/radar/articulo/2022/8/las-razones-de-nancy-pelosi-para-aterrizar-en-taiwan-pesar-de-las-amenazas-de-china,2022-08-02,slug,day
1636779,El mundo debe prepararse para los peores escenarios de extincion debido al cambio,https://cambiocolombia.com/medio-ambiente/articulo/2022/8/el-mundo-debe-prepararse-para-los-peores-escenarios-de-extincion-debido-al-cambio,2022-08-02,slug,day
1665548,Asi recuerda beatriz caballero su hermano luis,https://cambiocolombia.com/cultura/articulo/2022/8/asi-recuerda-beatriz-caballero-su-hermano-luis,2022-08-02,slug,day
1674608,Seria posible fusionar procuraduria y la contraloria,https://cambiocolombia.com/poder/articulo/2022/8/seria-posible-fusionar-procuraduria-y-la-contraloria,2022-08-02,slug,day
1690319,Mucho cabecilla muerto pero poco orden publico,https://cambiocolombia.com/poder/articulo/2022/8/mucho-cabecilla-muerto-pero-poco-orden-publico,2022-08-02,slug,day
1693817,Gabriel garcia marquez de nuevo en la pantalla,https://cambiocolombia.com/cultura/articulo/2022/8/gabriel-garcia-marquez-de-nuevo-en-la-pantalla,2022-08-02,slug,day
1696285,Cuestion publica gana premio de la sociedad interamericana de prensa,https://cambiocolombia.com/en-cambio/articulo/2022/8/cuestion-publica-gana-premio-de-la-sociedad-interamericana-de-prensa,2022-08-02,slug,day
1697970,China acusa washington de traicion y cancelan vuelos en region frente taiwan,https://cambiocolombia.com/radar/articulo/2022/8/china-acusa-washington-de-traicion-y-cancelan-vuelos-en-region-frente-taiwan,2022-08-02,slug,day
1698538,Las cuentas del banco de la republica para subir mas las tasas,https://cambiocolombia.com/economia/articulo/2022/8/las-cuentas-del-banco-de-la-republica-para-subir-mas-las-tasas,2022-08-02,slug,day
1706326,Quien se quiere quedar con la licitacion del canal del dique,https://cambiocolombia.com/poder/articulo/2022/8/quien-se-quiere-quedar-con-la-licitacion-del-canal-del-dique,2022-08-02,slug,day
1706379,Alias otoniel pide desde estados unidos detener el plan pistola,https://cambiocolombia.com/pais/articulo/2022/8/alias-otoniel-pide-desde-estados-unidos-detener-el-plan-pistola,2022-08-02,slug,day
1707288,Como podria defenderse taiwan de china,https://cambiocolombia.com/radar/articulo/2022/8/como-podria-defenderse-taiwan-de-china,2022-08-02,slug,day
1707703,Que tan conveniente es sacar la policia del ministerio de defensa,https://cambiocolombia.com/poder/articulo/2022/8/que-tan-conveniente-es-sacar-la-policia-del-ministerio-de-defensa,2022-08-02,slug,day
1721772,Equipo de petro dice que recibe un pais con deficit fiscal critico,https://cambiocolombia.com/poder/articulo/2022/8/equipo-de-petro-dice-que-recibe-un-pais-con-deficit-fiscal-critico,2022-08-02,slug,day
1728506,La tierra esta girando repentinamente mas rapido de lo normal y registra su dia mas,https://cambiocolombia.com/medio-ambiente/articulo/2022/8/la-tierra-esta-girando-repentinamente-mas-rapido-de-lo-normal-y-registra-su-dia-mas,2022-08-02,slug,day
1730098,No es adoctrinar,https://cambiocolombia.com/puntos-de-vista/articulo/2022/8/no-es-adoctrinar,2022-08-02,slug,day
1615279,Donde esta gustavo petro,https://cambiocolombia.com/en-cambio/articulo/2022/8/donde-esta-gustavo-petro,2022-08-03,slug,day
1622697,La dificil relacion con estados unidos y venezuela marco la politica exterior de,https://cambiocolombia.com/poder/articulo/2022/8/la-dificil-relacion-con-estados-unidos-y-venezuela-marco-la-politica-exterior-de,2022-08-03,slug,day
1634299,La paz se abre camino,https://cambiocolombia.com/en-cambio/articulo/2022/8/la-paz-se-abre-camino,2022-08-03,slug,day
1637977,Problemas en el paraiso del pacto historico,https://cambiocolombia.com/poder/articulo/2022/8/problemas-en-el-paraiso-del-pacto-historico,2022-08-03,slug,day
1646357,Ivan duque en infraestructura su legado seran las vias 4g y las obras de transicion,https://cambiocolombia.com/pais/articulo/2022/8/ivan-duque-en-infraestructura-su-legado-seran-las-vias-4g-y-las-obras-de-transicion,2022-08-03,slug,day
1647514,Aliens monstruos mutantes las figuras imposibles de felipe gonzalez corredor,https://cambiocolombia.com/cultura/articulo/2022/8/aliens-monstruos-mutantes-las-figuras-imposibles-de-felipe-gonzalez-corredor,2022-08-03,slug,day
1652977,La conversacion de dos difuntos congresistas que impactaria la eleccion del,https://cambiocolombia.com/en-cambio/articulo/2022/8/la-conversacion-de-dos-difuntos-congresistas-que-impactaria-la-eleccion-del,2022-08-03,slug,day
1671191,Duque cuatro anos de gobierno cuatro libros publicados,https://cambiocolombia.com/en-cambio/articulo/2022/8/duque-cuatro-anos-de-gobierno-cuatro-libros-publicados,2022-08-03,slug,day
1671273,La pelea entre agmeth escaf y mafe carrascal por la comision septima,https://cambiocolombia.com/en-cambio/articulo/2022/8/la-pelea-entre-agmeth-escaf-y-mafe-carrascal-por-la-comision-septima,2022-08-03,slug,day
1680907,Por las mujeres en las artes,https://cambiocolombia.com/puntos-de-vista/articulo/2022/8/1-2-3-por-las-mujeres-en-las-artes,2022-08-03,slug,day
1683736,El llanto en el estreno de noticia de un secuestro,https://cambiocolombia.com/en-cambio/articulo/2022/8/el-llanto-en-el-estreno-de-noticia-de-un-secuestro,2022-08-03,slug,day
1686397,Ptar salitre reunion clave para bogota,https://cambiocolombia.com/en-cambio/articulo/2022/8/ptar-salitre-reunion-clave-para-bogota,2022-08-03,slug,day
1699080,Como se nos colo pelosi su visita taiwan causa sensacion y rechazo en redes sociales,https://cambiocolombia.com/radar/articulo/2022/8/como-se-nos-colo-pelosi-su-visita-taiwan-causa-sensacion-y-rechazo-en-redes-sociales,2022-08-03,slug,day
1699102,Por que nancy pelosi en taiwan encarecio el dolar,https://cambiocolombia.com/economia/articulo/2022/8/por-que-nancy-pelosi-en-taiwan-encarecio-el-dolar,2022-08-03,slug,day
1713868,Minhacienda tiene reservada la plata para ingreso solidario,https://cambiocolombia.com/en-cambio/articulo/2022/8/minhacienda-tiene-reservada-la-plata-para-ingreso-solidario,2022-08-03,slug,day
1722331,La sagrada posesion,https://cambiocolombia.com/puntos-de-vista/articulo/2022/8/la-sagrada-posesion,2022-08-03,slug,day
1723258,Estos son los integrantes de la delegacion de estados unidos para la posesion,https://cambiocolombia.com/en-cambio/articulo/2022/8/estos-son-los-integrantes-de-la-delegacion-de-estados-unidos-para-la-posesion,2022-08-03,slug,day
1727040,Aparece video de ivan mordisco declarando que disidencia de,https://cambiocolombia.com/conflicto-armado-en-colombia/articulo/2022/8/aparece-video-de-ivan-mordisco-declarando-que-disidencia-de,2022-08-03,slug,day
1618293,El hueco de los combustibles seria mas grave de lo que pensamos,https://cambiocolombia.com/economia/articulo/2022/8/el-hueco-de-los-combustibles-seria-mas-grave-de-lo-que-pensamos,2022-08-04,slug,day
1638309,China comienza maniobras militares con fuego real que bloquean taiwan,https://cambiocolombia.com/radar/articulo/2022/8/china-comienza-maniobras-militares-con-fuego-real-que-bloquean-taiwan,2022-08-04,slug,day
1642021,Tremendo operativo del ejercito para cuidar petro en la sierra nevada,https://cambiocolombia.com/en-cambio/articulo/2022/8/tremendo-operativo-del-ejercito-para-cuidar-petro-en-la-sierra-nevada,2022-08-04,slug,day
1647601,La confianza despues de electricaribe,https://cambiocolombia.com/puntos-de-vista/articulo/2022/8/la-confianza-despues-de-electricaribe,2022-08-04,slug,day
1656100,Nancy pelosi visitara ahora frontera militarizada entre las dos coreas,https://cambiocolombia.com/radar/articulo/2022/8/nancy-pelosi-visitara-ahora-frontera-militarizada-entre-las-dos-coreas,2022-08-04,slug,day
1667430,Justicia rusa condena anos de carcel la basquetbolista brittney griner,https://cambiocolombia.com/radar/articulo/2022/8/justicia-rusa-condena-9-anos-de-carcel-la-basquetbolista-brittney-griner,2022-08-04,slug,day
1668289,Como sera la ceremonia de reconocimiento al nuevo presidente,https://cambiocolombia.com/pais/articulo/2022/8/como-sera-la-ceremonia-de-reconocimiento-al-nuevo-presidente,2022-08-04,slug,day
1668622,Petro al parque la agenda cultural de la posesion presidencial,https://cambiocolombia.com/cultura/articulo/2022/8/petro-al-parque-la-agenda-cultural-de-la-posesion-presidencial,2022-08-04,slug,day
1678598,Aplazada licitacion del canal del dique,https://cambiocolombia.com/poder/articulo/2022/8/aplazada-licitacion-del-canal-del-dique,2022-08-04,slug,day
1686356,En medio del revuelo por la licitacion del canal del dique renuncio la,https://cambiocolombia.com/en-cambio/articulo/2022/8/en-medio-del-revuelo-por-la-licitacion-del-canal-del-dique-renuncio-la,2022-08-04,slug,day
1694180,Cano cristales no es en santa marta la correccion de jennifer arias petro,https://cambiocolombia.com/en-cambio/articulo/2022/8/cano-cristales-no-es-en-santa-marta-la-correccion-de-jennifer-arias-petro,2022-08-04,slug,day
1707771,Habra congreso sin mermelada,https://cambiocolombia.com/puntos-de-vista/articulo/2022/8/habra-congreso-sin-mermelada,2022-08-04,slug,day
1707773,Los viajes de gustavo petro primero desde cano cristales manana desde cualquier,https://cambiocolombia.com/poder/articulo/2022/8/los-viajes-de-gustavo-petro-primero-desde-cano-cristales-manana-desde-cualquier,2022-08-04,slug,day
1719054,El silencio de gustavo petro,https://cambiocolombia.com/poder/articulo/2022/8/el-silencio-de-gustavo-petro,2022-08-04,slug,day
1723498,Que hacer con la renta petrolera,https://cambiocolombia.com/puntos-de-vista/articulo/2022/8/que-hacer-con-la-renta-petrolera,2022-08-04,slug,day
1613300,De amigo verdugo,https://cambiocolombia.com/cultura/articulo/2022/8/de-amigo-verdugo,2022-08-05,slug,day
1616595,La lista de invitados en la posesion de gustavo petro,https://cambiocolombia.com/poder/articulo/2022/8/la-lista-de-invitados-en-la-posesion-de-gustavo-petro,2022-08-05,slug,day
1618385,La manipulacion de las estadisticas,https://cambiocolombia.com/puntos-de-vista/articulo/2022/8/la-manipulacion-de-las-estadisticas,2022-08-05,slug,day
1621153,Censurar la pedagogia antirracista,https://cambiocolombia.com/puntos-de-vista/articulo/2022/8/censurar-la-pedagogia-antirracista,2022-08-05,slug,day
1642458,Fiscalia archivo investigacion contra diego molano por los crimenes del paro,https://cambiocolombia.com/poder/articulo/2022/8/fiscalia-archivo-investigacion-contra-diego-molano-por-los-crimenes-del-paro,2022-08-05,slug,day
1654261,Energia eolica en los mares colombianos,https://cambiocolombia.com/en-cambio/articulo/2022/8/energia-eolica-en-los-mares-colombianos,2022-08-05,slug,day
1670191,Con pistolas en la cabeza el clan del golfo amenazo delegacion del gobierno de,https://cambiocolombia.com/poder/articulo/2022/8/con-pistolas-en-la-cabeza-el-clan-del-golfo-amenazo-delegacion-del-gobierno-de,2022-08-05,slug,day
1673688,Las propuestas de mazzucato,https://cambiocolombia.com/puntos-de-vista/articulo/2022/8/las-propuestas-de-mazzucato,2022-08-05,slug,day
1677678,La especial preocupacion de nicolas maduro por ivan marquez,https://cambiocolombia.com/conflicto-armado-en-colombia/articulo/2022/8/la-especial-preocupacion-de-nicolas-maduro-por-ivan-marquez,2022-08-05,slug,day
1688473,Demandada la ley de seguridad ciudadana por inconstitucional,https://cambiocolombia.com/poder/articulo/2022/8/demandada-la-ley-de-seguridad-ciudadana-por-inconstitucional,2022-08-05,slug,day
1699547,El precio de los servicios publicos todo gas,https://cambiocolombia.com/economia/articulo/2022/8/el-precio-de-los-servicios-publicos-todo-gas,2022-08-05,slug,day
1701511,Que hay detras del denominado plan pistola del clan del golfo,https://cambiocolombia.com/poder/articulo/2022/8/que-hay-detras-del-denominado-plan-pistola-del-clan-del-golfo,2022-08-05,slug,day
1702193,Gustavo petro la derecha de la izquierda,https://cambiocolombia.com/pais/articulo/2022/8/gustavo-petro-la-derecha-de-la-izquierda,2022-08-05,slug,day
1706695,Las cuentas que recibe gustavo petro para amarrarse el cinturon,https://cambiocolombia.com/economia/articulo/2022/8/las-cuentas-que-recibe-gustavo-petro-para-amarrarse-el-cinturon,2022-08-05,slug,day
1725331,El primer nombramiento de ivan velasquez,https://cambiocolombia.com/poder/articulo/2022/8/el-primer-nombramiento-de-ivan-velasquez,2022-08-05,slug,day
1729123,Por todos lados estamos jodidos,https://cambiocolombia.com/puntos-de-vista/articulo/2022/8/por-todos-lados-estamos-jodidos,2022-08-05,slug,day
1614503,Los desenganos del marketing digital,https://cambiocolombia.com/tecnologia/articulo/2022/8/los-desenganos-del-marketing-digital,2022-08-06,slug,day
1614547,Canal del dique una fisura en una billonaria licitacion,https://cambiocolombia.com/poder/articulo/2022/8/canal-del-dique-una-fisura-en-una-billonaria-licitacion,2022-08-06,slug,day
1639862,Mujeres libertadoras,https://cambiocolombia.com/cultura/articulo/2022/8/mujeres-libertadoras,2022-08-06,slug,day
1643856,Los mejores albumes en lo que va de,https://cambiocolombia.com/cultura/articulo/2022/8/los-mejores-albumes-en-lo-que-va-de-2022-0,2022-08-06,slug,day
1650889,Mister gil,https://cambiocolombia.com/puntos-de-vista/articulo/2022/8/mister-gil,2022-08-06,slug,day
1654481,La mala fortuna,https://cambiocolombia.com/puntos-de-vista/articulo/2022/8/la-mala-fortuna,2022-08-06,slug,day
1655011,La vara magica,https://cambiocolombia.com/puntos-de-vista/articulo/2022/8/la-vara-magica,2022-08-06,slug,day
1678123,Elvis y la posesion,https://cambiocolombia.com/puntos-de-vista/articulo/2022/8/elvis-y-la-posesion,2022-08-06,slug,day
1679219,Paistilina,https://cambiocolombia.com/pais/articulo/2022/8/paistilina-4,2022-08-06,slug,day
1681401,El contralor inesperado,https://cambiocolombia.com/poder/articulo/2022/8/el-contralor-inesperado,2022-08-06,slug,day
1683158,Los proyectos para los que nova lorena canon habria gestionado recursos por,https://cambiocolombia.com/poder/articulo/2022/8/los-proyectos-para-los-que-nova-lorena-canon-habria-gestionado-recursos-por,2022-08-06,slug,day
1683989,Semana nacional de la esperanza para que el legado de jaime garzon siga vigente,https://cambiocolombia.com/cultura/articulo/2022/8/semana-nacional-de-la-esperanza-para-que-el-legado-de-jaime-garzon-siga-vigente,2022-08-06,slug,day
1710472,Las matematicas el cambio y la politica,https://cambiocolombia.com/radar/articulo/2022/8/las-matematicas-el-cambio-y-la-politica,2022-08-06,slug,day
1710712,Por la boca muere el pez el peso que carga petro con sus reformas,https://cambiocolombia.com/poder/articulo/2022/8/por-la-boca-muere-el-pez-el-peso-que-carga-petro-con-sus-reformas,2022-08-06,slug,day
1726652,La creciente,https://cambiocolombia.com/puntos-de-vista/articulo/2022/8/la-creciente,2022-08-06,slug,day
