source_id,month,msttr50,tokens
blu_radio,2018-08,0.968613569321534,16993
blu_radio,2018-09,0.9703301886792454,21220
blu_radio,2018-10,0.9658695652173913,23000
blu_radio,2018-11,0.9665185185185186,20290
blu_radio,2018-12,0.9638020833333334,19240
blu_radio,2019-01,0.9529383886255924,21147
blu_radio,2019-02,0.9669090909090909,19270
blu_radio,2019-03,0.9679710144927537,20737
blu_radio,2019-04,0.9696825396825397,18920
blu_radio,2019-05,0.969841986455982,22195
blu_radio,2019-06,0.9663896103896104,19268
blu_radio,2019-07,0.9681018518518518,21630
blu_radio,2019-08,0.9690602409638553,20756
blu_radio,2019-09,0.9686330935251799,20858
blu_radio,2019-10,0.9623608017817372,22452
blu_radio,2019-11,0.9600520833333333,19222
blu_radio,2019-12,0.9682291666666667,19211
blu_radio,2020-01,0.9712941176470589,21297
blu_radio,2020-02,0.9721256038647342,20739
blu_radio,2020-03,0.9435211267605633,21337
blu_radio,2020-04,0.9426851851851852,21617
blu_radio,2020-05,0.9503305785123967,24247
blu_radio,2020-06,0.9522755741127349,23955
blu_radio,2020-07,0.9511949685534591,23860
blu_radio,2020-08,0.9457387580299785,23363
blu_radio,2020-09,0.9508527131782946,25831
blu_radio,2020-10,0.9593406593406593,27318
blu_radio,2020-11,0.9564772727272727,26425
blu_radio,2020-12,0.9591860465116279,25820
blu_radio,2021-01,0.9511742424242424,26435
blu_radio,2021-02,0.9594163424124513,25713
blu_radio,2021-03,0.9563066202090592,28731
blu_radio,2021-04,0.9493006993006993,28610
blu_radio,2021-05,0.9502473498233216,28339
blu_radio,2021-06,0.9513443830570903,27162
blu_radio,2021-07,0.9540590405904059,27133
blu_radio,2021-08,0.9640734557595994,29984
blu_radio,2021-09,0.965585023400936,32094
blu_radio,2021-10,0.9617770597738288,30985
blu_radio,2021-11,0.960702875399361,31310
blu_radio,2021-12,0.9601454545454546,27511
blu_radio,2022-01,0.9592805755395684,27807
blu_radio,2022-02,0.9637894736842105,28511
blu_radio,2022-03,0.9602261712439418,30987
blu_radio,2022-04,0.961482820976492,27684
blu_radio,2022-05,0.9591856677524428,30710
blu_radio,2022-06,0.9584482758620689,29007
blu_radio,2022-07,0.9616470588235293,29755
blu_radio,2022-08,0.9578625954198473,6583
cambio,2022-08,0.9577777777777777,476
el_tiempo,2018-08,0.9547239263803681,24479
el_tiempo,2018-09,0.9598330550918196,29975
el_tiempo,2018-10,0.9649999999999999,32420
el_tiempo,2018-11,0.9557482993197279,29414
el_tiempo,2018-12,0.9498630136986301,3658
el_tiempo,2019-01,0.9539705882352942,27226
el_tiempo,2019-02,0.9475265017667843,28315
el_tiempo,2019-03,0.9555593220338983,29532
el_tiempo,2019-04,0.9629258517034068,24978
el_tiempo,2019-05,0.9553021978021978,36426
el_tiempo,2019-06,0.9309550561797754,35622
el_tiempo,2019-07,0.9519942611190817,34868
el_tiempo,2019-08,0.9627667984189723,25327
el_tiempo,2019-09,0.9495774647887324,28447
el_tiempo,2019-10,0.9533680555555555,28849
el_tiempo,2019-11,0.9529218106995885,24335
el_tiempo,2019-12,0.9606194690265486,22637
el_tiempo,2020-01,0.9587722772277227,25280
el_tiempo,2020-02,0.9569348659003831,26146
el_tiempo,2020-03,0.924064,31256
el_tiempo,2020-04,0.9357966101694916,29526
el_tiempo,2020-05,0.9455445544554455,30310
el_tiempo,2020-06,0.9507642276422764,30759
el_tiempo,2020-07,0.9472131147540984,33590
el_tiempo,2020-08,0.943127962085308,31670
el_tiempo,2020-09,0.9510566615620214,32654
el_tiempo,2020-10,0.9478635014836796,33726
el_tiempo,2020-11,0.940599700149925,33389
el_tiempo,2020-12,0.9465103448275862,36299
el_tiempo,2021-01,0.9472727272727273,34122
el_tiempo,2021-02,0.9512649800266312,37554
el_tiempo,2021-03,0.9603760282021151,42554
el_tiempo,2021-04,0.9546115288220551,39901
el_tiempo,2021-05,0.9492760736196318,40769
el_tiempo,2021-06,0.9531479140328697,39572
el_tiempo,2021-07,0.9490931677018634,40253
el_tiempo,2021-08,0.9553058676654183,40072
el_tiempo,2021-09,0.9613102595797282,40467
el_tiempo,2021-10,0.9652864583333334,38429
el_tiempo,2021-11,0.9632972972972973,37045
el_tiempo,2021-12,0.9602318840579709,34528
el_tiempo,2022-01,0.9608849557522124,33933
el_tiempo,2022-02,0.9612976022566995,35484
el_tiempo,2022-03,0.9564881693648817,40198
el_tiempo,2022-04,0.9625167336010709,37366
el_tiempo,2022-05,0.9620046082949308,43420
el_tiempo,2022-06,0.963,42044
el_tiempo,2022-07,0.9672315035799522,41909
el_tiempo,2022-08,0.9675862068965516,8718
la_republica,2018-08,0.9713450292397661,8583
la_republica,2018-09,0.9792,12539
la_republica,2018-10,0.9762222222222222,13517
la_republica,2018-11,0.9723404255319148,14135
la_republica,2018-12,0.9692523364485981,10742
la_republica,2019-01,0.9720948616600791,12655
la_republica,2019-02,0.9701255230125523,11964
la_republica,2019-03,0.9736641221374046,13101
la_republica,2019-04,0.9710943396226415,13255
la_republica,2019-05,0.972280701754386,11418
la_republica,2019-06,0.9742857142857143,11920
la_republica,2019-07,0.9743650793650793,12608
la_republica,2019-08,0.9724302788844621,12582
la_republica,2019-09,0.9794852941176471,13634
la_republica,2019-10,0.9755274261603375,11888
la_republica,2019-11,0.9714285714285714,12250
la_republica,2019-12,0.9747727272727272,8810
la_republica,2020-01,0.9736036036036035,11118
la_republica,2020-02,0.974170403587444,11151
la_republica,2020-03,0.955,15407
la_republica,2020-04,0.9628673835125447,13966
la_republica,2020-05,0.9686046511627907,12923
la_republica,2020-06,0.9725714285714285,12289
la_republica,2020-07,0.9726618705035971,13913
la_republica,2020-08,0.9704580152671756,13109
la_republica,2020-09,0.9776258992805754,13909
la_republica,2020-10,0.9725581395348838,15072
la_republica,2020-11,0.9696296296296296,12192
la_republica,2020-12,0.9682819383259911,11378
la_republica,2021-01,0.968744939271255,12397
la_republica,2021-02,0.9723846153846154,13016
la_republica,2021-03,0.9723870967741935,15542
la_republica,2021-04,0.972710843373494,16648
la_republica,2021-05,0.9733939393939393,16541
la_republica,2021-06,0.9732288401253918,15954
la_republica,2021-07,0.9710097719869708,15391
la_republica,2021-08,0.9725597269624573,14654
la_republica,2021-09,0.9726190476190476,12610
la_republica,2021-10,0.9697757847533632,11183
la_republica,2021-11,0.9667826086956521,11501
la_republica,2021-12,0.9607777777777777,9040
la_republica,2022-01,0.965759162303665,9590
la_republica,2022-02,0.9730645161290322,12416
la_republica,2022-03,0.9724567474048443,14497
la_republica,2022-04,0.9759856630824373,13955
la_republica,2022-05,0.9747118644067797,14798
la_republica,2022-06,0.98,13487
la_republica,2022-07,0.9772413793103447,14525
la_republica,2022-08,0.9765714285714285,3509
noticias_caracol,2018-08,0.97896,12533
noticias_caracol,2018-09,0.9838461538461538,15632
noticias_caracol,2018-10,0.9832571428571428,17517
noticias_caracol,2018-11,0.983855421686747,16618
noticias_caracol,2018-12,0.9798780487804878,16443
noticias_caracol,2019-01,0.9717824773413897,16568
noticias_caracol,2019-02,0.9781987577639752,16145
noticias_caracol,2019-03,0.9809174311926605,16387
noticias_caracol,2019-04,0.9817419354838709,15508
noticias_caracol,2019-05,0.9843086816720258,15569
noticias_caracol,2019-06,0.9817518248175182,13741
noticias_caracol,2019-07,0.9806756756756756,14821
noticias_caracol,2019-08,0.9823448275862069,14515
noticias_caracol,2019-09,0.9809059233449476,14373
noticias_caracol,2019-10,0.9689096573208722,16053
noticias_caracol,2019-11,0.9732646048109964,14573
noticias_caracol,2019-12,0.9779522184300342,14696
noticias_caracol,2020-01,0.9823367697594502,14564
noticias_caracol,2020-02,0.981448275862069,14538
noticias_caracol,2020-03,0.9466049382716049,16232
noticias_caracol,2020-04,0.9490624999999999,16024
noticias_caracol,2020-05,0.904464609800363,27551
noticias_caracol,2020-06,0.917111801242236,32213
noticias_caracol,2020-07,0.911285081240768,33885
noticias_caracol,2020-08,0.9102040816326531,29402
noticias_caracol,2020-09,0.9129220779220779,30818
noticias_caracol,2020-10,0.9170414201183432,25361
noticias_caracol,2020-11,0.9331999999999999,15004
noticias_caracol,2020-12,0.971219512195122,14384
noticias_caracol,2021-01,0.9639259259259259,13544
noticias_caracol,2021-02,0.9655374592833876,15377
noticias_caracol,2021-03,0.9716250000000001,16032
noticias_caracol,2021-04,0.9701694915254236,14768
noticias_caracol,2021-05,0.9634999999999999,14028
noticias_caracol,2021-06,0.9649840255591055,15699
noticias_caracol,2021-07,0.964829931972789,14728
noticias_caracol,2021-08,0.9699656357388315,14582
noticias_caracol,2021-09,0.9680555555555556,14412
noticias_caracol,2021-10,0.965886524822695,14149
noticias_caracol,2021-11,0.9723549488054607,14685
noticias_caracol,2021-12,0.9687108013937281,14359
noticias_caracol,2022-01,0.9623396226415095,13295
noticias_caracol,2022-02,0.9634432234432234,13662
noticias_caracol,2022-03,0.9605625,16032
noticias_caracol,2022-04,0.963359375,12815
noticias_caracol,2022-05,0.9629696969696969,16546
noticias_caracol,2022-06,0.9613468013468013,14865
noticias_caracol,2022-07,0.9709278350515465,14585
noticias_caracol,2022-08,0.9640000000000001,3516
noticias_rcn,2018-09,0.9721311475409835,6142
noticias_rcn,2018-10,0.9703947368421053,7644
noticias_rcn,2018-11,0.9707352941176471,6812
noticias_rcn,2018-12,0.9673015873015872,6342
noticias_rcn,2019-01,0.94546875,6426
noticias_rcn,2019-02,0.9511940298507462,6742
noticias_rcn,2019-03,0.9617910447761193,6742
noticias_rcn,2019-04,0.95328,6270
noticias_rcn,2019-05,0.960431654676259,6972
noticias_rcn,2019-06,0.9714754098360655,6132
noticias_rcn,2019-07,0.9565432098765433,8140
noticias_rcn,2019-08,0.9654117647058824,8507
noticias_rcn,2019-09,0.968679245283019,7991
noticias_rcn,2019-10,0.9672093023255813,8642
noticias_rcn,2019-11,0.9460504201680672,5982
noticias_rcn,2019-12,0.9565,6013
noticias_rcn,2020-01,0.9573333333333334,6786
noticias_rcn,2020-02,0.961044776119403,6712
noticias_rcn,2020-03,0.9190419161676646,8370
noticias_rcn,2020-04,0.9402395209580839,8388
noticias_rcn,2020-05,0.9495027624309391,9059
noticias_rcn,2020-06,0.9602209944751382,9089
noticias_rcn,2020-07,0.9562051282051283,9775
noticias_rcn,2020-08,0.9631325301204819,8300
noticias_rcn,2020-09,0.9605917159763314,8459
noticias_rcn,2020-10,0.9696907216494846,9748
noticias_rcn,2020-11,0.9630057803468208,8671
noticias_rcn,2020-12,0.954,9007
noticias_rcn,2021-01,0.9505376344086022,9303
noticias_rcn,2021-02,0.9362921348314607,8936
noticias_rcn,2021-03,0.94,8877
noticias_rcn,2021-04,0.9360714285714286,8407
noticias_rcn,2021-05,0.9450000000000001,11023
noticias_rcn,2021-06,0.9488627450980393,12782
noticias_rcn,2021-07,0.9469144981412639,13474
noticias_rcn,2021-08,0.9523985239852399,13577
noticias_rcn,2021-09,0.9582336182336182,17599
noticias_rcn,2021-10,0.9602580645161289,23281
noticias_rcn,2021-11,0.9618101545253863,22654
noticias_rcn,2021-12,0.9633257403189066,21981
noticias_rcn,2022-01,0.9623605150214591,23344
noticias_rcn,2022-02,0.9507692307692307,20847
noticias_rcn,2022-03,0.9531519274376417,22050
noticias_rcn,2022-04,0.9546783625730995,17116
noticias_rcn,2022-05,0.9591071428571428,16817
noticias_rcn,2022-06,0.9633939393939395,16531
noticias_rcn,2022-07,0.9719318181818182,17606
noticias_rcn,2022-08,0.9714705882352942,3432
