tema,source_id,month,matches,titles,pct
Reforma tributaria,blu_radio,2018-08,6,2521,0.2380007933359778
Reforma tributaria,blu_radio,2018-09,4,3138,0.12746972594008923
Reforma tributaria,blu_radio,2018-10,8,3384,0.2364066193853428
Reforma tributaria,blu_radio,2018-11,29,2976,0.9744623655913979
Reforma tributaria,blu_radio,2018-12,20,2823,0.7084661707403471
Reforma tributaria,blu_radio,2019-01,9,3108,0.28957528957528955
Reforma tributaria,blu_radio,2019-02,10,2857,0.35001750087504374
Reforma tributaria,blu_radio,2019-03,8,3008,0.26595744680851063
Reforma tributaria,blu_radio,2019-04,8,2739,0.29207740051113545
Reforma tributaria,blu_radio,2019-05,4,3235,0.12364760432766615
Reforma tributaria,blu_radio,2019-06,4,2796,0.1430615164520744
Reforma tributaria,blu_radio,2019-07,3,3167,0.0947268708556994
Reforma tributaria,blu_radio,2019-08,6,3042,0.19723865877712032
Reforma tributaria,blu_radio,2019-09,0,3065,0.0
Reforma tributaria,blu_radio,2019-10,6,3281,0.18287107589149648
Reforma tributaria,blu_radio,2019-11,8,2841,0.2815909890883492
Reforma tributaria,blu_radio,2019-12,41,2844,1.4416315049226442
Reforma tributaria,blu_radio,2020-01,13,3144,0.41348600508905853
Reforma tributaria,blu_radio,2020-02,10,3059,0.32690421706440015
Reforma tributaria,blu_radio,2020-03,10,3213,0.3112356053532524
Reforma tributaria,blu_radio,2020-04,11,3311,0.33222591362126247
Reforma tributaria,blu_radio,2020-05,10,3715,0.2691790040376851
Reforma tributaria,blu_radio,2020-06,8,3669,0.21804306350504224
Reforma tributaria,blu_radio,2020-07,6,3649,0.16442861057824062
Reforma tributaria,blu_radio,2020-08,15,3748,0.400213447171825
Reforma tributaria,blu_radio,2020-09,8,4097,0.1952648279228704
Reforma tributaria,blu_radio,2020-10,6,3828,0.15673981191222572
Reforma tributaria,blu_radio,2020-11,5,3627,0.13785497656465398
Reforma tributaria,blu_radio,2020-12,13,3521,0.3692132916785004
Reforma tributaria,blu_radio,2021-01,6,3575,0.16783216783216784
Reforma tributaria,blu_radio,2021-02,12,3462,0.3466204506065858
Reforma tributaria,blu_radio,2021-03,24,3799,0.631745196104238
Reforma tributaria,blu_radio,2021-04,128,3766,3.398831651619756
Reforma tributaria,blu_radio,2021-05,30,3690,0.8130081300813008
Reforma tributaria,blu_radio,2021-06,17,3545,0.4795486600846262
Reforma tributaria,blu_radio,2021-07,32,3560,0.898876404494382
Reforma tributaria,blu_radio,2021-08,11,3867,0.2844582363589346
Reforma tributaria,blu_radio,2021-09,17,4098,0.4148365056124939
Reforma tributaria,blu_radio,2021-10,9,4036,0.22299306243805747
Reforma tributaria,blu_radio,2021-11,4,4085,0.09791921664626684
Reforma tributaria,blu_radio,2021-12,9,3661,0.24583447145588638
Reforma tributaria,blu_radio,2022-01,10,3684,0.2714440825190011
Reforma tributaria,blu_radio,2022-02,3,3722,0.08060182697474476
Reforma tributaria,blu_radio,2022-03,8,4038,0.1981178801386825
Reforma tributaria,blu_radio,2022-04,18,3550,0.5070422535211268
Reforma tributaria,blu_radio,2022-05,6,3925,0.15286624203821655
Reforma tributaria,blu_radio,2022-06,17,3747,0.4536962903656258
Reforma tributaria,blu_radio,2022-07,33,3834,0.8607198748043818
Reforma tributaria,blu_radio,2022-08,6,866,0.6928406466512702
Reforma tributaria,cambio,2022-08,0,98,0.0
Reforma tributaria,el_tiempo,2018-08,16,4374,0.36579789666209417
Reforma tributaria,el_tiempo,2018-09,16,5337,0.29979389169945664
Reforma tributaria,el_tiempo,2018-10,18,5732,0.31402651779483604
Reforma tributaria,el_tiempo,2018-11,39,5065,0.769990128331688
Reforma tributaria,el_tiempo,2018-12,4,652,0.6134969325153374
Reforma tributaria,el_tiempo,2019-01,14,4708,0.2973661852166525
Reforma tributaria,el_tiempo,2019-02,10,4833,0.2069108214359611
Reforma tributaria,el_tiempo,2019-03,18,5065,0.35538005923000987
Reforma tributaria,el_tiempo,2019-04,9,4204,0.21408182683158897
Reforma tributaria,el_tiempo,2019-05,10,6032,0.16578249336870027
Reforma tributaria,el_tiempo,2019-06,15,5776,0.2596952908587258
Reforma tributaria,el_tiempo,2019-07,16,5753,0.27811576568746743
Reforma tributaria,el_tiempo,2019-08,7,4114,0.1701507049100632
Reforma tributaria,el_tiempo,2019-09,7,4741,0.14764817549040288
Reforma tributaria,el_tiempo,2019-10,14,4844,0.28901734104046245
Reforma tributaria,el_tiempo,2019-11,17,4045,0.42027194066749074
Reforma tributaria,el_tiempo,2019-12,58,3838,1.5112037519541428
Reforma tributaria,el_tiempo,2020-01,9,4194,0.2145922746781116
Reforma tributaria,el_tiempo,2020-02,6,4334,0.1384402399630826
Reforma tributaria,el_tiempo,2020-03,9,5243,0.17165744802593935
Reforma tributaria,el_tiempo,2020-04,15,4948,0.30315278900565884
Reforma tributaria,el_tiempo,2020-05,15,4907,0.30568575504381496
Reforma tributaria,el_tiempo,2020-06,16,4904,0.3262642740619902
Reforma tributaria,el_tiempo,2020-07,20,5330,0.37523452157598497
Reforma tributaria,el_tiempo,2020-08,12,4950,0.24242424242424243
Reforma tributaria,el_tiempo,2020-09,10,5060,0.1976284584980237
Reforma tributaria,el_tiempo,2020-10,12,5184,0.23148148148148148
Reforma tributaria,el_tiempo,2020-11,7,5067,0.1381488059996053
Reforma tributaria,el_tiempo,2020-12,17,5572,0.3050969131371141
Reforma tributaria,el_tiempo,2021-01,7,5197,0.1346930921685588
Reforma tributaria,el_tiempo,2021-02,17,5736,0.296373779637378
Reforma tributaria,el_tiempo,2021-03,52,6864,0.7575757575757576
Reforma tributaria,el_tiempo,2021-04,171,6727,2.5419949457410436
Reforma tributaria,el_tiempo,2021-05,60,6922,0.8668015024559376
Reforma tributaria,el_tiempo,2021-06,23,6788,0.33883323512080143
Reforma tributaria,el_tiempo,2021-07,63,6928,0.9093533487297921
Reforma tributaria,el_tiempo,2021-08,19,6770,0.28064992614475626
Reforma tributaria,el_tiempo,2021-09,32,6964,0.4595060310166571
Reforma tributaria,el_tiempo,2021-10,10,6518,0.15342129487572875
Reforma tributaria,el_tiempo,2021-11,8,6271,0.12757136022962845
Reforma tributaria,el_tiempo,2021-12,18,5939,0.30308132682269745
Reforma tributaria,el_tiempo,2022-01,12,5770,0.20797227036395147
Reforma tributaria,el_tiempo,2022-02,12,5893,0.20363142711691837
Reforma tributaria,el_tiempo,2022-03,13,6644,0.19566526189042746
Reforma tributaria,el_tiempo,2022-04,20,6081,0.328893274132544
Reforma tributaria,el_tiempo,2022-05,13,7097,0.18317598985486824
Reforma tributaria,el_tiempo,2022-06,19,6849,0.2774127609870054
Reforma tributaria,el_tiempo,2022-07,54,6806,0.7934175727299442
Reforma tributaria,el_tiempo,2022-08,8,1398,0.5722460658082976
Reforma tributaria,la_republica,2018-08,17,1339,1.2696041822255415
Reforma tributaria,la_republica,2018-09,22,1915,1.1488250652741514
Reforma tributaria,la_republica,2018-10,25,2034,1.2291052114060963
Reforma tributaria,la_republica,2018-11,27,2127,1.2693935119887165
Reforma tributaria,la_republica,2018-12,14,1641,0.8531383302864107
Reforma tributaria,la_republica,2019-01,16,1892,0.8456659619450317
Reforma tributaria,la_republica,2019-02,13,1802,0.7214206437291898
Reforma tributaria,la_republica,2019-03,13,1988,0.6539235412474849
Reforma tributaria,la_republica,2019-04,14,1947,0.7190549563430919
Reforma tributaria,la_republica,2019-05,6,1762,0.340522133938706
Reforma tributaria,la_republica,2019-06,10,1824,0.5482456140350878
Reforma tributaria,la_republica,2019-07,15,1944,0.7716049382716049
Reforma tributaria,la_republica,2019-08,7,1917,0.3651538862806468
Reforma tributaria,la_republica,2019-09,12,2001,0.5997001499250375
Reforma tributaria,la_republica,2019-10,18,1796,1.0022271714922049
Reforma tributaria,la_republica,2019-11,24,1868,1.284796573875803
Reforma tributaria,la_republica,2019-12,33,1356,2.433628318584071
Reforma tributaria,la_republica,2020-01,14,1623,0.862600123228589
Reforma tributaria,la_republica,2020-02,15,1662,0.9025270758122743
Reforma tributaria,la_republica,2020-03,12,2244,0.5347593582887701
Reforma tributaria,la_republica,2020-04,9,2070,0.43478260869565216
Reforma tributaria,la_republica,2020-05,18,1953,0.9216589861751152
Reforma tributaria,la_republica,2020-06,10,1817,0.550357732526142
Reforma tributaria,la_republica,2020-07,19,2046,0.9286412512218963
Reforma tributaria,la_republica,2020-08,18,1817,0.9906439185470556
Reforma tributaria,la_republica,2020-09,21,1955,1.0741687979539642
Reforma tributaria,la_republica,2020-10,13,2119,0.6134969325153374
Reforma tributaria,la_republica,2020-11,12,1724,0.6960556844547564
Reforma tributaria,la_republica,2020-12,19,1599,1.1882426516572857
Reforma tributaria,la_republica,2021-01,15,1722,0.8710801393728222
Reforma tributaria,la_republica,2021-02,19,1839,1.0331702011963024
Reforma tributaria,la_republica,2021-03,43,2262,1.900972590627763
Reforma tributaria,la_republica,2021-04,104,2378,4.373423044575273
Reforma tributaria,la_republica,2021-05,32,2381,1.3439731205375893
Reforma tributaria,la_republica,2021-06,27,2288,1.18006993006993
Reforma tributaria,la_republica,2021-07,35,2211,1.582994120307553
Reforma tributaria,la_republica,2021-08,22,2120,1.0377358490566038
Reforma tributaria,la_republica,2021-09,30,1849,1.6224986479177934
Reforma tributaria,la_republica,2021-10,16,1694,0.9445100354191264
Reforma tributaria,la_republica,2021-11,11,1715,0.641399416909621
Reforma tributaria,la_republica,2021-12,9,1376,0.6540697674418605
Reforma tributaria,la_republica,2022-01,10,1430,0.6993006993006993
Reforma tributaria,la_republica,2022-02,16,1848,0.8658008658008658
Reforma tributaria,la_republica,2022-03,27,2135,1.2646370023419204
Reforma tributaria,la_republica,2022-04,16,2016,0.7936507936507936
Reforma tributaria,la_republica,2022-05,14,2120,0.660377358490566
Reforma tributaria,la_republica,2022-06,26,1974,1.3171225937183384
Reforma tributaria,la_republica,2022-07,43,2091,2.056432329029173
Reforma tributaria,la_republica,2022-08,8,512,1.5625
Reforma tributaria,noticias_caracol,2018-08,8,1637,0.48869883934025654
Reforma tributaria,noticias_caracol,2018-09,4,2060,0.1941747572815534
Reforma tributaria,noticias_caracol,2018-10,2,2306,0.08673026886383348
Reforma tributaria,noticias_caracol,2018-11,6,2196,0.273224043715847
Reforma tributaria,noticias_caracol,2018-12,5,2168,0.23062730627306274
Reforma tributaria,noticias_caracol,2019-01,6,2173,0.2761159687068569
Reforma tributaria,noticias_caracol,2019-02,4,2135,0.1873536299765808
Reforma tributaria,noticias_caracol,2019-03,5,2162,0.23126734505087881
Reforma tributaria,noticias_caracol,2019-04,2,2062,0.09699321047526673
Reforma tributaria,noticias_caracol,2019-05,1,2045,0.0488997555012225
Reforma tributaria,noticias_caracol,2019-06,6,1797,0.333889816360601
Reforma tributaria,noticias_caracol,2019-07,3,1947,0.15408320493066255
Reforma tributaria,noticias_caracol,2019-08,2,1906,0.1049317943336831
Reforma tributaria,noticias_caracol,2019-09,3,1882,0.1594048884165781
Reforma tributaria,noticias_caracol,2019-10,1,2108,0.04743833017077799
Reforma tributaria,noticias_caracol,2019-11,3,1893,0.15847860538827258
Reforma tributaria,noticias_caracol,2019-12,27,1936,1.3946280991735538
Reforma tributaria,noticias_caracol,2020-01,2,1898,0.1053740779768177
Reforma tributaria,noticias_caracol,2020-02,4,1926,0.20768431983385255
Reforma tributaria,noticias_caracol,2020-03,4,2219,0.18026137899954936
Reforma tributaria,noticias_caracol,2020-04,7,2150,0.32558139534883723
Reforma tributaria,noticias_caracol,2020-05,13,4405,0.29511918274687854
Reforma tributaria,noticias_caracol,2020-06,11,4171,0.26372572524574445
Reforma tributaria,noticias_caracol,2020-07,11,4513,0.2437403057832927
Reforma tributaria,noticias_caracol,2020-08,10,3944,0.2535496957403651
Reforma tributaria,noticias_caracol,2020-09,8,4052,0.19743336623889438
Reforma tributaria,noticias_caracol,2020-10,4,3426,0.11675423234092236
Reforma tributaria,noticias_caracol,2020-11,1,2122,0.0471253534401508
Reforma tributaria,noticias_caracol,2020-12,5,1892,0.2642706131078224
Reforma tributaria,noticias_caracol,2021-01,2,1767,0.11318619128466327
Reforma tributaria,noticias_caracol,2021-02,4,2114,0.1892147587511826
Reforma tributaria,noticias_caracol,2021-03,15,2108,0.7115749525616698
Reforma tributaria,noticias_caracol,2021-04,65,1962,3.3129459734964324
Reforma tributaria,noticias_caracol,2021-05,15,1898,0.7903055848261328
Reforma tributaria,noticias_caracol,2021-06,8,2121,0.3771805752003772
Reforma tributaria,noticias_caracol,2021-07,13,2065,0.6295399515738499
Reforma tributaria,noticias_caracol,2021-08,3,2030,0.1477832512315271
Reforma tributaria,noticias_caracol,2021-09,9,1963,0.45848191543555783
Reforma tributaria,noticias_caracol,2021-10,1,1926,0.05192107995846314
Reforma tributaria,noticias_caracol,2021-11,1,2011,0.04972650422675286
Reforma tributaria,noticias_caracol,2021-12,3,1988,0.15090543259557343
Reforma tributaria,noticias_caracol,2022-01,3,1824,0.16447368421052633
Reforma tributaria,noticias_caracol,2022-02,3,1855,0.16172506738544473
Reforma tributaria,noticias_caracol,2022-03,1,2167,0.046146746654360866
Reforma tributaria,noticias_caracol,2022-04,7,1715,0.40816326530612246
Reforma tributaria,noticias_caracol,2022-05,0,2168,0.0
Reforma tributaria,noticias_caracol,2022-06,6,1942,0.30895983522142123
Reforma tributaria,noticias_caracol,2022-07,14,1882,0.7438894792773645
Reforma tributaria,noticias_caracol,2022-08,4,448,0.8928571428571429
Reforma tributaria,noticias_rcn,2018-09,3,955,0.31413612565445026
Reforma tributaria,noticias_rcn,2018-10,1,1189,0.08410428931875526
Reforma tributaria,noticias_rcn,2018-11,11,1065,1.0328638497652582
Reforma tributaria,noticias_rcn,2018-12,4,982,0.4073319755600815
Reforma tributaria,noticias_rcn,2019-01,5,982,0.5091649694501018
Reforma tributaria,noticias_rcn,2019-02,1,1000,0.1
Reforma tributaria,noticias_rcn,2019-03,3,1029,0.2915451895043732
Reforma tributaria,noticias_rcn,2019-04,2,936,0.21367521367521367
Reforma tributaria,noticias_rcn,2019-05,2,1044,0.19157088122605365
Reforma tributaria,noticias_rcn,2019-06,1,915,0.1092896174863388
Reforma tributaria,noticias_rcn,2019-07,0,1199,0.0
Reforma tributaria,noticias_rcn,2019-08,2,1296,0.15432098765432098
Reforma tributaria,noticias_rcn,2019-09,3,1194,0.25125628140703515
Reforma tributaria,noticias_rcn,2019-10,1,1282,0.078003120124805
Reforma tributaria,noticias_rcn,2019-11,0,896,0.0
Reforma tributaria,noticias_rcn,2019-12,16,941,1.7003188097768331
Reforma tributaria,noticias_rcn,2020-01,2,1068,0.18726591760299627
Reforma tributaria,noticias_rcn,2020-02,2,1095,0.182648401826484
Reforma tributaria,noticias_rcn,2020-03,2,1401,0.14275517487508924
Reforma tributaria,noticias_rcn,2020-04,6,1371,0.437636761487965
Reforma tributaria,noticias_rcn,2020-05,3,1455,0.20618556701030927
Reforma tributaria,noticias_rcn,2020-06,7,1446,0.48409405255878285
Reforma tributaria,noticias_rcn,2020-07,6,1548,0.3875968992248062
Reforma tributaria,noticias_rcn,2020-08,5,1318,0.37936267071320184
Reforma tributaria,noticias_rcn,2020-09,3,1302,0.2304147465437788
Reforma tributaria,noticias_rcn,2020-10,1,1495,0.06688963210702341
Reforma tributaria,noticias_rcn,2020-11,1,1322,0.07564296520423601
Reforma tributaria,noticias_rcn,2020-12,8,1373,0.5826656955571741
Reforma tributaria,noticias_rcn,2021-01,4,1387,0.2883922134102379
Reforma tributaria,noticias_rcn,2021-02,9,1357,0.6632277081798084
Reforma tributaria,noticias_rcn,2021-03,7,1371,0.5105762217359592
Reforma tributaria,noticias_rcn,2021-04,22,1297,1.6962220508866614
Reforma tributaria,noticias_rcn,2021-05,19,1682,1.1296076099881094
Reforma tributaria,noticias_rcn,2021-06,12,1875,0.64
Reforma tributaria,noticias_rcn,2021-07,14,1980,0.7070707070707071
Reforma tributaria,noticias_rcn,2021-08,5,2005,0.24937655860349128
Reforma tributaria,noticias_rcn,2021-09,11,2546,0.43205027494108406
Reforma tributaria,noticias_rcn,2021-10,3,3326,0.09019843656043296
Reforma tributaria,noticias_rcn,2021-11,5,3238,0.15441630636195183
Reforma tributaria,noticias_rcn,2021-12,6,3131,0.1916320664324497
Reforma tributaria,noticias_rcn,2022-01,6,3292,0.1822600243013366
Reforma tributaria,noticias_rcn,2022-02,4,2875,0.1391304347826087
Reforma tributaria,noticias_rcn,2022-03,9,3047,0.29537249753856254
Reforma tributaria,noticias_rcn,2022-04,9,2432,0.37006578947368424
Reforma tributaria,noticias_rcn,2022-05,5,2480,0.20161290322580644
Reforma tributaria,noticias_rcn,2022-06,7,2363,0.29623360135421073
Reforma tributaria,noticias_rcn,2022-07,23,2479,0.927793465106898
Reforma tributaria,noticias_rcn,2022-08,3,481,0.6237006237006237
Conflicto armado,blu_radio,2018-08,67,2521,2.6576755255850855
Conflicto armado,blu_radio,2018-09,118,3138,3.760356915232632
Conflicto armado,blu_radio,2018-10,89,3384,2.6300236406619386
Conflicto armado,blu_radio,2018-11,81,2976,2.721774193548387
Conflicto armado,blu_radio,2018-12,61,2823,2.1608218207580587
Conflicto armado,blu_radio,2019-01,133,3108,4.2792792792792795
Conflicto armado,blu_radio,2019-02,64,2857,2.24011200560028
Conflicto armado,blu_radio,2019-03,80,3008,2.6595744680851063
Conflicto armado,blu_radio,2019-04,56,2739,2.0445418035779483
Conflicto armado,blu_radio,2019-05,78,3235,2.41112828438949
Conflicto armado,blu_radio,2019-06,69,2796,2.467811158798283
Conflicto armado,blu_radio,2019-07,78,3167,2.4628986422481844
Conflicto armado,blu_radio,2019-08,97,3042,3.188691650230112
Conflicto armado,blu_radio,2019-09,113,3065,3.686786296900489
Conflicto armado,blu_radio,2019-10,71,3281,2.1639743980493753
Conflicto armado,blu_radio,2019-11,56,2841,1.9711369236184442
Conflicto armado,blu_radio,2019-12,50,2844,1.7580872011251758
Conflicto armado,blu_radio,2020-01,57,3144,1.8129770992366412
Conflicto armado,blu_radio,2020-02,99,3059,3.2363517489375613
Conflicto armado,blu_radio,2020-03,43,3213,1.3383131030189854
Conflicto armado,blu_radio,2020-04,44,3311,1.3289036544850499
Conflicto armado,blu_radio,2020-05,62,3715,1.6689098250336474
Conflicto armado,blu_radio,2020-06,47,3669,1.2810029980921231
Conflicto armado,blu_radio,2020-07,60,3649,1.644286105782406
Conflicto armado,blu_radio,2020-08,49,3748,1.3073639274279616
Conflicto armado,blu_radio,2020-09,76,4097,1.8550158652672688
Conflicto armado,blu_radio,2020-10,77,3828,2.0114942528735633
Conflicto armado,blu_radio,2020-11,58,3627,1.5991177281499862
Conflicto armado,blu_radio,2020-12,34,3521,0.9656347628514627
Conflicto armado,blu_radio,2021-01,37,3575,1.034965034965035
Conflicto armado,blu_radio,2021-02,63,3462,1.8197573656845754
Conflicto armado,blu_radio,2021-03,73,3799,1.921558304817057
Conflicto armado,blu_radio,2021-04,46,3766,1.2214551248008496
Conflicto armado,blu_radio,2021-05,80,3690,2.168021680216802
Conflicto armado,blu_radio,2021-06,51,3545,1.4386459802538787
Conflicto armado,blu_radio,2021-07,48,3560,1.348314606741573
Conflicto armado,blu_radio,2021-08,41,3867,1.0602534264287562
Conflicto armado,blu_radio,2021-09,69,4098,1.6837481698389458
Conflicto armado,blu_radio,2021-10,59,4036,1.4618434093161545
Conflicto armado,blu_radio,2021-11,78,4085,1.9094247246022031
Conflicto armado,blu_radio,2021-12,47,3661,1.2838022398251843
Conflicto armado,blu_radio,2022-01,90,3684,2.44299674267101
Conflicto armado,blu_radio,2022-02,98,3722,2.6329930145083287
Conflicto armado,blu_radio,2022-03,65,4038,1.6097077761267955
Conflicto armado,blu_radio,2022-04,50,3550,1.408450704225352
Conflicto armado,blu_radio,2022-05,43,3925,1.0955414012738853
Conflicto armado,blu_radio,2022-06,70,3747,1.8681611956231652
Conflicto armado,blu_radio,2022-07,71,3834,1.8518518518518519
Conflicto armado,blu_radio,2022-08,22,866,2.540415704387991
Conflicto armado,cambio,2022-08,0,98,0.0
Conflicto armado,el_tiempo,2018-08,90,4374,2.05761316872428
Conflicto armado,el_tiempo,2018-09,123,5337,2.304665542439573
Conflicto armado,el_tiempo,2018-10,86,5732,1.5003489183531054
Conflicto armado,el_tiempo,2018-11,83,5065,1.6386969397828233
Conflicto armado,el_tiempo,2018-12,3,652,0.4601226993865031
Conflicto armado,el_tiempo,2019-01,125,4708,2.655055225148683
Conflicto armado,el_tiempo,2019-02,87,4833,1.8001241464928617
Conflicto armado,el_tiempo,2019-03,66,5065,1.303060217176703
Conflicto armado,el_tiempo,2019-04,70,4204,1.665080875356803
Conflicto armado,el_tiempo,2019-05,82,6032,1.3594164456233422
Conflicto armado,el_tiempo,2019-06,59,5776,1.0214681440443214
Conflicto armado,el_tiempo,2019-07,91,5753,1.581783417347471
Conflicto armado,el_tiempo,2019-08,81,4114,1.968886728245017
Conflicto armado,el_tiempo,2019-09,80,4741,1.6874077198903186
Conflicto armado,el_tiempo,2019-10,61,4844,1.259289843104872
Conflicto armado,el_tiempo,2019-11,59,4045,1.4585908529048208
Conflicto armado,el_tiempo,2019-12,44,3838,1.1464304325169359
Conflicto armado,el_tiempo,2020-01,70,4194,1.6690510252742012
Conflicto armado,el_tiempo,2020-02,67,4334,1.5459160129210892
Conflicto armado,el_tiempo,2020-03,55,5243,1.049017737936296
Conflicto armado,el_tiempo,2020-04,46,4948,0.9296685529506872
Conflicto armado,el_tiempo,2020-05,63,4907,1.2838801711840229
Conflicto armado,el_tiempo,2020-06,67,4904,1.366231647634584
Conflicto armado,el_tiempo,2020-07,83,5330,1.5572232645403377
Conflicto armado,el_tiempo,2020-08,49,4950,0.98989898989899
Conflicto armado,el_tiempo,2020-09,100,5060,1.976284584980237
Conflicto armado,el_tiempo,2020-10,91,5184,1.7554012345679013
Conflicto armado,el_tiempo,2020-11,95,5067,1.8748766528517862
Conflicto armado,el_tiempo,2020-12,65,5572,1.1665470208183777
Conflicto armado,el_tiempo,2021-01,64,5197,1.2314796998268231
Conflicto armado,el_tiempo,2021-02,91,5736,1.5864714086471408
Conflicto armado,el_tiempo,2021-03,95,6864,1.384032634032634
Conflicto armado,el_tiempo,2021-04,72,6727,1.07031366136465
Conflicto armado,el_tiempo,2021-05,82,6922,1.1846287200231147
Conflicto armado,el_tiempo,2021-06,82,6788,1.2080141426045963
Conflicto armado,el_tiempo,2021-07,63,6928,0.9093533487297921
Conflicto armado,el_tiempo,2021-08,58,6770,0.8567208271787297
Conflicto armado,el_tiempo,2021-09,76,6964,1.0913268236645606
Conflicto armado,el_tiempo,2021-10,53,6518,0.8131328628413624
Conflicto armado,el_tiempo,2021-11,81,6271,1.291660022324988
Conflicto armado,el_tiempo,2021-12,52,5939,0.8755682774877925
Conflicto armado,el_tiempo,2022-01,85,5770,1.4731369150779896
Conflicto armado,el_tiempo,2022-02,90,5893,1.5272357033768877
Conflicto armado,el_tiempo,2022-03,66,6644,0.9933774834437086
Conflicto armado,el_tiempo,2022-04,39,6081,0.6413418845584608
Conflicto armado,el_tiempo,2022-05,70,7097,0.9863322530646752
Conflicto armado,el_tiempo,2022-06,56,6849,0.8176376113301211
Conflicto armado,el_tiempo,2022-07,67,6806,0.9844255069056714
Conflicto armado,el_tiempo,2022-08,11,1398,0.7868383404864091
Conflicto armado,la_republica,2018-08,3,1339,0.22404779686333084
Conflicto armado,la_republica,2018-09,5,1915,0.26109660574412535
Conflicto armado,la_republica,2018-10,3,2034,0.14749262536873156
Conflicto armado,la_republica,2018-11,5,2127,0.23507287259050305
Conflicto armado,la_republica,2018-12,2,1641,0.1218769043266301
Conflicto armado,la_republica,2019-01,7,1892,0.3699788583509514
Conflicto armado,la_republica,2019-02,3,1802,0.16648168701442842
Conflicto armado,la_republica,2019-03,2,1988,0.1006036217303823
Conflicto armado,la_republica,2019-04,3,1947,0.15408320493066255
Conflicto armado,la_republica,2019-05,2,1762,0.11350737797956867
Conflicto armado,la_republica,2019-06,0,1824,0.0
Conflicto armado,la_republica,2019-07,2,1944,0.102880658436214
Conflicto armado,la_republica,2019-08,4,1917,0.20865936358894105
Conflicto armado,la_republica,2019-09,2,2001,0.09995002498750624
Conflicto armado,la_republica,2019-10,0,1796,0.0
Conflicto armado,la_republica,2019-11,6,1868,0.32119914346895073
Conflicto armado,la_republica,2019-12,0,1356,0.0
Conflicto armado,la_republica,2020-01,0,1623,0.0
Conflicto armado,la_republica,2020-02,1,1662,0.06016847172081829
Conflicto armado,la_republica,2020-03,0,2244,0.0
Conflicto armado,la_republica,2020-04,1,2070,0.04830917874396135
Conflicto armado,la_republica,2020-05,1,1953,0.051203277009728626
Conflicto armado,la_republica,2020-06,0,1817,0.0
Conflicto armado,la_republica,2020-07,0,2046,0.0
Conflicto armado,la_republica,2020-08,0,1817,0.0
Conflicto armado,la_republica,2020-09,1,1955,0.05115089514066496
Conflicto armado,la_republica,2020-10,2,2119,0.09438414346389806
Conflicto armado,la_republica,2020-11,4,1724,0.23201856148491878
Conflicto armado,la_republica,2020-12,1,1599,0.06253908692933083
Conflicto armado,la_republica,2021-01,2,1722,0.11614401858304298
Conflicto armado,la_republica,2021-02,2,1839,0.10875475802066341
Conflicto armado,la_republica,2021-03,2,2262,0.08841732979664015
Conflicto armado,la_republica,2021-04,0,2378,0.0
Conflicto armado,la_republica,2021-05,6,2381,0.25199496010079797
Conflicto armado,la_republica,2021-06,2,2288,0.08741258741258741
Conflicto armado,la_republica,2021-07,1,2211,0.045228403437358664
Conflicto armado,la_republica,2021-08,0,2120,0.0
Conflicto armado,la_republica,2021-09,1,1849,0.05408328826392644
Conflicto armado,la_republica,2021-10,2,1694,0.1180637544273908
Conflicto armado,la_republica,2021-11,1,1715,0.05830903790087463
Conflicto armado,la_republica,2021-12,0,1376,0.0
Conflicto armado,la_republica,2022-01,0,1430,0.0
Conflicto armado,la_republica,2022-02,2,1848,0.10822510822510822
Conflicto armado,la_republica,2022-03,3,2135,0.1405152224824356
Conflicto armado,la_republica,2022-04,4,2016,0.1984126984126984
Conflicto armado,la_republica,2022-05,1,2120,0.04716981132075472
Conflicto armado,la_republica,2022-06,2,1974,0.10131712259371833
Conflicto armado,la_republica,2022-07,1,2091,0.04782400765184122
Conflicto armado,la_republica,2022-08,0,512,0.0
Conflicto armado,noticias_caracol,2018-08,40,1637,2.4434941967012827
Conflicto armado,noticias_caracol,2018-09,54,2060,2.621359223300971
Conflicto armado,noticias_caracol,2018-10,50,2306,2.168256721595837
Conflicto armado,noticias_caracol,2018-11,39,2196,1.7759562841530054
Conflicto armado,noticias_caracol,2018-12,28,2168,1.2915129151291513
Conflicto armado,noticias_caracol,2019-01,62,2173,2.8531983433041876
Conflicto armado,noticias_caracol,2019-02,38,2135,1.7798594847775175
Conflicto armado,noticias_caracol,2019-03,34,2162,1.572617946345976
Conflicto armado,noticias_caracol,2019-04,44,2062,2.133850630455868
Conflicto armado,noticias_caracol,2019-05,39,2045,1.9070904645476772
Conflicto armado,noticias_caracol,2019-06,37,1797,2.058987200890373
Conflicto armado,noticias_caracol,2019-07,22,1947,1.1299435028248588
Conflicto armado,noticias_caracol,2019-08,46,1906,2.4134312696747116
Conflicto armado,noticias_caracol,2019-09,45,1882,2.3910733262486716
Conflicto armado,noticias_caracol,2019-10,31,2108,1.4705882352941178
Conflicto armado,noticias_caracol,2019-11,38,1893,2.0073956682514527
Conflicto armado,noticias_caracol,2019-12,31,1936,1.6012396694214877
Conflicto armado,noticias_caracol,2020-01,31,1898,1.6332982086406744
Conflicto armado,noticias_caracol,2020-02,48,1926,2.4922118380062304
Conflicto armado,noticias_caracol,2020-03,31,2219,1.3970256872465074
Conflicto armado,noticias_caracol,2020-04,27,2150,1.255813953488372
Conflicto armado,noticias_caracol,2020-05,51,4405,1.1577752553916005
Conflicto armado,noticias_caracol,2020-06,79,4171,1.8940302085830736
Conflicto armado,noticias_caracol,2020-07,42,4513,0.9306448038998449
Conflicto armado,noticias_caracol,2020-08,53,3944,1.343813387423935
Conflicto armado,noticias_caracol,2020-09,109,4052,2.690029615004936
Conflicto armado,noticias_caracol,2020-10,83,3426,2.422650321074139
Conflicto armado,noticias_caracol,2020-11,24,2122,1.1310084825636193
Conflicto armado,noticias_caracol,2020-12,13,1892,0.6871035940803383
Conflicto armado,noticias_caracol,2021-01,27,1767,1.5280135823429541
Conflicto armado,noticias_caracol,2021-02,43,2114,2.034058656575213
Conflicto armado,noticias_caracol,2021-03,43,2108,2.0398481973434537
Conflicto armado,noticias_caracol,2021-04,28,1962,1.4271151885830784
Conflicto armado,noticias_caracol,2021-05,35,1898,1.8440463645943097
Conflicto armado,noticias_caracol,2021-06,17,2121,0.8015087223008015
Conflicto armado,noticias_caracol,2021-07,15,2065,0.7263922518159807
Conflicto armado,noticias_caracol,2021-08,19,2030,0.9359605911330049
Conflicto armado,noticias_caracol,2021-09,28,1963,1.4263881813550687
Conflicto armado,noticias_caracol,2021-10,20,1926,1.0384215991692627
Conflicto armado,noticias_caracol,2021-11,39,2011,1.9393336648433614
Conflicto armado,noticias_caracol,2021-12,19,1988,0.9557344064386318
Conflicto armado,noticias_caracol,2022-01,35,1824,1.918859649122807
Conflicto armado,noticias_caracol,2022-02,38,1855,2.0485175202156336
Conflicto armado,noticias_caracol,2022-03,28,2167,1.2921089063221043
Conflicto armado,noticias_caracol,2022-04,13,1715,0.7580174927113703
Conflicto armado,noticias_caracol,2022-05,17,2168,0.7841328413284133
Conflicto armado,noticias_caracol,2022-06,39,1942,2.008238928939238
Conflicto armado,noticias_caracol,2022-07,36,1882,1.9128586609989373
Conflicto armado,noticias_caracol,2022-08,8,448,1.7857142857142858
Conflicto armado,noticias_rcn,2018-09,51,955,5.340314136125654
Conflicto armado,noticias_rcn,2018-10,31,1189,2.607232968881413
Conflicto armado,noticias_rcn,2018-11,48,1065,4.507042253521127
Conflicto armado,noticias_rcn,2018-12,19,982,1.934826883910387
Conflicto armado,noticias_rcn,2019-01,53,982,5.39714867617108
Conflicto armado,noticias_rcn,2019-02,27,1000,2.7
Conflicto armado,noticias_rcn,2019-03,27,1029,2.623906705539359
Conflicto armado,noticias_rcn,2019-04,23,936,2.4572649572649574
Conflicto armado,noticias_rcn,2019-05,33,1044,3.160919540229885
Conflicto armado,noticias_rcn,2019-06,24,915,2.622950819672131
Conflicto armado,noticias_rcn,2019-07,30,1199,2.5020850708924103
Conflicto armado,noticias_rcn,2019-08,42,1296,3.240740740740741
Conflicto armado,noticias_rcn,2019-09,39,1194,3.2663316582914574
Conflicto armado,noticias_rcn,2019-10,23,1282,1.7940717628705147
Conflicto armado,noticias_rcn,2019-11,27,896,3.013392857142857
Conflicto armado,noticias_rcn,2019-12,19,941,2.0191285866099893
Conflicto armado,noticias_rcn,2020-01,21,1068,1.9662921348314606
Conflicto armado,noticias_rcn,2020-02,22,1095,2.009132420091324
Conflicto armado,noticias_rcn,2020-03,6,1401,0.4282655246252677
Conflicto armado,noticias_rcn,2020-04,11,1371,0.8023340627279358
Conflicto armado,noticias_rcn,2020-05,13,1455,0.8934707903780069
Conflicto armado,noticias_rcn,2020-06,18,1446,1.2448132780082988
Conflicto armado,noticias_rcn,2020-07,22,1548,1.421188630490956
Conflicto armado,noticias_rcn,2020-08,14,1318,1.062215477996965
Conflicto armado,noticias_rcn,2020-09,46,1302,3.533026113671275
Conflicto armado,noticias_rcn,2020-10,38,1495,2.5418060200668897
Conflicto armado,noticias_rcn,2020-11,16,1322,1.2102874432677762
Conflicto armado,noticias_rcn,2020-12,21,1373,1.529497450837582
Conflicto armado,noticias_rcn,2021-01,19,1387,1.36986301369863
Conflicto armado,noticias_rcn,2021-02,32,1357,2.3581429624170966
Conflicto armado,noticias_rcn,2021-03,39,1371,2.8446389496717726
Conflicto armado,noticias_rcn,2021-04,33,1297,2.5443330763299925
Conflicto armado,noticias_rcn,2021-05,32,1682,1.9024970273483948
Conflicto armado,noticias_rcn,2021-06,30,1875,1.6
Conflicto armado,noticias_rcn,2021-07,28,1980,1.4141414141414141
Conflicto armado,noticias_rcn,2021-08,25,2005,1.2468827930174564
Conflicto armado,noticias_rcn,2021-09,42,2546,1.6496465043205029
Conflicto armado,noticias_rcn,2021-10,30,3326,0.9019843656043295
Conflicto armado,noticias_rcn,2021-11,72,3238,2.2235948116121063
Conflicto armado,noticias_rcn,2021-12,41,3131,1.3094857872884063
Conflicto armado,noticias_rcn,2022-01,66,3292,2.0048602673147022
Conflicto armado,noticias_rcn,2022-02,67,2875,2.3304347826086955
Conflicto armado,noticias_rcn,2022-03,42,3047,1.3784049885132919
Conflicto armado,noticias_rcn,2022-04,36,2432,1.480263157894737
Conflicto armado,noticias_rcn,2022-05,31,2480,1.25
Conflicto armado,noticias_rcn,2022-06,30,2363,1.2695725772323319
Conflicto armado,noticias_rcn,2022-07,63,2479,2.5413473174667205
Conflicto armado,noticias_rcn,2022-08,11,481,2.286902286902287
Corrupcion,blu_radio,2018-08,33,2521,1.3090043633478778
Corrupcion,blu_radio,2018-09,28,3138,0.8922880815806246
Corrupcion,blu_radio,2018-10,35,3384,1.0342789598108748
Corrupcion,blu_radio,2018-11,81,2976,2.721774193548387
Corrupcion,blu_radio,2018-12,35,2823,1.2398157987956075
Corrupcion,blu_radio,2019-01,51,3108,1.640926640926641
Corrupcion,blu_radio,2019-02,24,2857,0.840042002100105
Corrupcion,blu_radio,2019-03,30,3008,0.9973404255319149
Corrupcion,blu_radio,2019-04,20,2739,0.7301935012778387
Corrupcion,blu_radio,2019-05,38,3235,1.1746522411128284
Corrupcion,blu_radio,2019-06,29,2796,1.0371959942775393
Corrupcion,blu_radio,2019-07,67,3167,2.1155667824439535
Corrupcion,blu_radio,2019-08,40,3042,1.3149243918474687
Corrupcion,blu_radio,2019-09,40,3065,1.3050570962479608
Corrupcion,blu_radio,2019-10,31,3281,0.9448338921060653
Corrupcion,blu_radio,2019-11,22,2841,0.7743752199929602
Corrupcion,blu_radio,2019-12,23,2844,0.8087201125175809
Corrupcion,blu_radio,2020-01,25,3144,0.7951653944020356
Corrupcion,blu_radio,2020-02,10,3059,0.32690421706440015
Corrupcion,blu_radio,2020-03,10,3213,0.3112356053532524
Corrupcion,blu_radio,2020-04,7,3311,0.21141649048625794
Corrupcion,blu_radio,2020-05,18,3715,0.4845222072678331
Corrupcion,blu_radio,2020-06,23,3669,0.6268738075769965
Corrupcion,blu_radio,2020-07,18,3649,0.49328583173472185
Corrupcion,blu_radio,2020-08,14,3748,0.37353255069370334
Corrupcion,blu_radio,2020-09,14,4097,0.3417134488650232
Corrupcion,blu_radio,2020-10,14,3828,0.3657262277951933
Corrupcion,blu_radio,2020-11,23,3627,0.6341328921974083
Corrupcion,blu_radio,2020-12,18,3521,0.511218403862539
Corrupcion,blu_radio,2021-01,11,3575,0.3076923076923077
Corrupcion,blu_radio,2021-02,22,3462,0.635470826112074
Corrupcion,blu_radio,2021-03,19,3799,0.5001316135825217
Corrupcion,blu_radio,2021-04,12,3766,0.3186404673393521
Corrupcion,blu_radio,2021-05,4,3690,0.10840108401084012
Corrupcion,blu_radio,2021-06,9,3545,0.2538787023977433
Corrupcion,blu_radio,2021-07,11,3560,0.3089887640449438
Corrupcion,blu_radio,2021-08,13,3867,0.3361779156969227
Corrupcion,blu_radio,2021-09,9,4098,0.21961932650073207
Corrupcion,blu_radio,2021-10,14,4036,0.3468780971258672
Corrupcion,blu_radio,2021-11,19,4085,0.46511627906976744
Corrupcion,blu_radio,2021-12,17,3661,0.46435400163889645
Corrupcion,blu_radio,2022-01,10,3684,0.2714440825190011
Corrupcion,blu_radio,2022-02,13,3722,0.3492745835572273
Corrupcion,blu_radio,2022-03,25,4038,0.6191183754333829
Corrupcion,blu_radio,2022-04,17,3550,0.4788732394366197
Corrupcion,blu_radio,2022-05,17,3925,0.43312101910828027
Corrupcion,blu_radio,2022-06,24,3747,0.6405124099279423
Corrupcion,blu_radio,2022-07,29,3834,0.7563901930099113
Corrupcion,blu_radio,2022-08,2,866,0.23094688221709006
Corrupcion,cambio,2022-08,0,98,0.0
Corrupcion,el_tiempo,2018-08,68,4374,1.5546410608139003
Corrupcion,el_tiempo,2018-09,43,5337,0.8056960839422896
Corrupcion,el_tiempo,2018-10,31,5732,0.5408234473133287
Corrupcion,el_tiempo,2018-11,74,5065,1.4610069101678183
Corrupcion,el_tiempo,2018-12,11,652,1.687116564417178
Corrupcion,el_tiempo,2019-01,34,4708,0.7221750212404418
Corrupcion,el_tiempo,2019-02,35,4833,0.7241878750258639
Corrupcion,el_tiempo,2019-03,23,5065,0.45409674234945707
Corrupcion,el_tiempo,2019-04,21,4204,0.4995242626070409
Corrupcion,el_tiempo,2019-05,36,6032,0.596816976127321
Corrupcion,el_tiempo,2019-06,38,5776,0.6578947368421053
Corrupcion,el_tiempo,2019-07,40,5753,0.6952894142186685
Corrupcion,el_tiempo,2019-08,38,4114,0.9236752552260573
Corrupcion,el_tiempo,2019-09,35,4741,0.7382408774520144
Corrupcion,el_tiempo,2019-10,33,4844,0.6812551610239471
Corrupcion,el_tiempo,2019-11,32,4045,0.7911001236093943
Corrupcion,el_tiempo,2019-12,24,3838,0.6253256904637832
Corrupcion,el_tiempo,2020-01,19,4194,0.4530281354315689
Corrupcion,el_tiempo,2020-02,18,4334,0.4153207198892478
Corrupcion,el_tiempo,2020-03,9,5243,0.17165744802593935
Corrupcion,el_tiempo,2020-04,15,4948,0.30315278900565884
Corrupcion,el_tiempo,2020-05,15,4907,0.30568575504381496
Corrupcion,el_tiempo,2020-06,16,4904,0.3262642740619902
Corrupcion,el_tiempo,2020-07,21,5330,0.39399624765478425
Corrupcion,el_tiempo,2020-08,16,4950,0.32323232323232326
Corrupcion,el_tiempo,2020-09,8,5060,0.15810276679841898
Corrupcion,el_tiempo,2020-10,16,5184,0.30864197530864196
Corrupcion,el_tiempo,2020-11,30,5067,0.5920663114268798
Corrupcion,el_tiempo,2020-12,21,5572,0.3768844221105528
Corrupcion,el_tiempo,2021-01,23,5197,0.4425630171252646
Corrupcion,el_tiempo,2021-02,24,5736,0.41841004184100417
Corrupcion,el_tiempo,2021-03,21,6864,0.30594405594405594
Corrupcion,el_tiempo,2021-04,15,6727,0.22298201278430207
Corrupcion,el_tiempo,2021-05,11,6922,0.15891360878358857
Corrupcion,el_tiempo,2021-06,14,6788,0.20624631703005303
Corrupcion,el_tiempo,2021-07,12,6928,0.17321016166281755
Corrupcion,el_tiempo,2021-08,17,6770,0.2511078286558346
Corrupcion,el_tiempo,2021-09,17,6964,0.24411257897759908
Corrupcion,el_tiempo,2021-10,19,6518,0.29150046026388465
Corrupcion,el_tiempo,2021-11,10,6271,0.15946420028703556
Corrupcion,el_tiempo,2021-12,11,5939,0.18521636639164843
Corrupcion,el_tiempo,2022-01,12,5770,0.20797227036395147
Corrupcion,el_tiempo,2022-02,17,5893,0.28847785508230106
Corrupcion,el_tiempo,2022-03,37,6644,0.5568934376881397
Corrupcion,el_tiempo,2022-04,11,6081,0.1808913007728992
Corrupcion,el_tiempo,2022-05,19,7097,0.267718754403269
Corrupcion,el_tiempo,2022-06,28,6849,0.40881880566506057
Corrupcion,el_tiempo,2022-07,20,6806,0.29385836027034967
Corrupcion,el_tiempo,2022-08,3,1398,0.2145922746781116
Corrupcion,la_republica,2018-08,14,1339,1.0455563853622105
Corrupcion,la_republica,2018-09,12,1915,0.6266318537859008
Corrupcion,la_republica,2018-10,10,2034,0.4916420845624385
Corrupcion,la_republica,2018-11,16,2127,0.7522331922896098
Corrupcion,la_republica,2018-12,19,1641,1.157830591102986
Corrupcion,la_republica,2019-01,13,1892,0.6871035940803383
Corrupcion,la_republica,2019-02,12,1802,0.6659267480577137
Corrupcion,la_republica,2019-03,4,1988,0.2012072434607646
Corrupcion,la_republica,2019-04,8,1947,0.4108885464817668
Corrupcion,la_republica,2019-05,8,1762,0.4540295119182747
Corrupcion,la_republica,2019-06,14,1824,0.7675438596491229
Corrupcion,la_republica,2019-07,11,1944,0.565843621399177
Corrupcion,la_republica,2019-08,10,1917,0.5216484089723527
Corrupcion,la_republica,2019-09,5,2001,0.24987506246876562
Corrupcion,la_republica,2019-10,8,1796,0.44543429844098
Corrupcion,la_republica,2019-11,7,1868,0.3747323340471092
Corrupcion,la_republica,2019-12,5,1356,0.3687315634218289
Corrupcion,la_republica,2020-01,3,1623,0.18484288354898337
Corrupcion,la_republica,2020-02,12,1662,0.7220216606498195
Corrupcion,la_republica,2020-03,2,2244,0.08912655971479501
Corrupcion,la_republica,2020-04,3,2070,0.14492753623188406
Corrupcion,la_republica,2020-05,3,1953,0.15360983102918588
Corrupcion,la_republica,2020-06,0,1817,0.0
Corrupcion,la_republica,2020-07,11,2046,0.5376344086021505
Corrupcion,la_republica,2020-08,8,1817,0.4402861860209136
Corrupcion,la_republica,2020-09,4,1955,0.20460358056265984
Corrupcion,la_republica,2020-10,4,2119,0.18876828692779613
Corrupcion,la_republica,2020-11,4,1724,0.23201856148491878
Corrupcion,la_republica,2020-12,2,1599,0.12507817385866166
Corrupcion,la_republica,2021-01,5,1722,0.29036004645760743
Corrupcion,la_republica,2021-02,2,1839,0.10875475802066341
Corrupcion,la_republica,2021-03,3,2262,0.13262599469496023
Corrupcion,la_republica,2021-04,6,2378,0.2523128679562658
Corrupcion,la_republica,2021-05,3,2381,0.12599748005039899
Corrupcion,la_republica,2021-06,6,2288,0.26223776223776224
Corrupcion,la_republica,2021-07,6,2211,0.27137042062415195
Corrupcion,la_republica,2021-08,4,2120,0.18867924528301888
Corrupcion,la_republica,2021-09,7,1849,0.3785830178474851
Corrupcion,la_republica,2021-10,7,1694,0.4132231404958678
Corrupcion,la_republica,2021-11,3,1715,0.1749271137026239
Corrupcion,la_republica,2021-12,1,1376,0.07267441860465117
Corrupcion,la_republica,2022-01,5,1430,0.34965034965034963
Corrupcion,la_republica,2022-02,6,1848,0.3246753246753247
Corrupcion,la_republica,2022-03,4,2135,0.1873536299765808
Corrupcion,la_republica,2022-04,3,2016,0.1488095238095238
Corrupcion,la_republica,2022-05,5,2120,0.2358490566037736
Corrupcion,la_republica,2022-06,5,1974,0.25329280648429586
Corrupcion,la_republica,2022-07,4,2091,0.1912960306073649
Corrupcion,la_republica,2022-08,1,512,0.1953125
Corrupcion,noticias_caracol,2018-08,12,1637,0.7330482590103848
Corrupcion,noticias_caracol,2018-09,13,2060,0.6310679611650486
Corrupcion,noticias_caracol,2018-10,24,2306,1.0407632263660018
Corrupcion,noticias_caracol,2018-11,34,2196,1.5482695810564664
Corrupcion,noticias_caracol,2018-12,26,2168,1.1992619926199262
Corrupcion,noticias_caracol,2019-01,20,2173,0.9203865623561897
Corrupcion,noticias_caracol,2019-02,8,2135,0.3747072599531616
Corrupcion,noticias_caracol,2019-03,13,2162,0.6012950971322849
Corrupcion,noticias_caracol,2019-04,21,2062,1.0184287099903007
Corrupcion,noticias_caracol,2019-05,12,2045,0.58679706601467
Corrupcion,noticias_caracol,2019-06,12,1797,0.667779632721202
Corrupcion,noticias_caracol,2019-07,24,1947,1.2326656394453004
Corrupcion,noticias_caracol,2019-08,26,1906,1.3641133263378804
Corrupcion,noticias_caracol,2019-09,24,1882,1.2752391073326248
Corrupcion,noticias_caracol,2019-10,16,2108,0.7590132827324478
Corrupcion,noticias_caracol,2019-11,9,1893,0.4754358161648177
Corrupcion,noticias_caracol,2019-12,15,1936,0.7747933884297521
Corrupcion,noticias_caracol,2020-01,10,1898,0.5268703898840885
Corrupcion,noticias_caracol,2020-02,7,1926,0.363447559709242
Corrupcion,noticias_caracol,2020-03,1,2219,0.04506534474988734
Corrupcion,noticias_caracol,2020-04,6,2150,0.27906976744186046
Corrupcion,noticias_caracol,2020-05,9,4405,0.2043132803632236
Corrupcion,noticias_caracol,2020-06,14,4171,0.33565092304003835
Corrupcion,noticias_caracol,2020-07,20,4513,0.4431641923332595
Corrupcion,noticias_caracol,2020-08,11,3944,0.2789046653144016
Corrupcion,noticias_caracol,2020-09,17,4052,0.41954590325765057
Corrupcion,noticias_caracol,2020-10,3,3426,0.08756567425569177
Corrupcion,noticias_caracol,2020-11,14,2122,0.6597549481621112
Corrupcion,noticias_caracol,2020-12,9,1892,0.47568710359408034
Corrupcion,noticias_caracol,2021-01,8,1767,0.4527447651386531
Corrupcion,noticias_caracol,2021-02,17,2114,0.804162724692526
Corrupcion,noticias_caracol,2021-03,8,2108,0.3795066413662239
Corrupcion,noticias_caracol,2021-04,5,1962,0.254841997961264
Corrupcion,noticias_caracol,2021-05,1,1898,0.05268703898840885
Corrupcion,noticias_caracol,2021-06,8,2121,0.3771805752003772
Corrupcion,noticias_caracol,2021-07,5,2065,0.24213075060532688
Corrupcion,noticias_caracol,2021-08,5,2030,0.24630541871921183
Corrupcion,noticias_caracol,2021-09,7,1963,0.3565970453387672
Corrupcion,noticias_caracol,2021-10,2,1926,0.10384215991692627
Corrupcion,noticias_caracol,2021-11,9,2011,0.44753853804077576
Corrupcion,noticias_caracol,2021-12,3,1988,0.15090543259557343
Corrupcion,noticias_caracol,2022-01,2,1824,0.10964912280701754
Corrupcion,noticias_caracol,2022-02,9,1855,0.48517520215633425
Corrupcion,noticias_caracol,2022-03,12,2167,0.5537609598523304
Corrupcion,noticias_caracol,2022-04,6,1715,0.3498542274052478
Corrupcion,noticias_caracol,2022-05,7,2168,0.32287822878228783
Corrupcion,noticias_caracol,2022-06,6,1942,0.30895983522142123
Corrupcion,noticias_caracol,2022-07,7,1882,0.37194473963868224
Corrupcion,noticias_caracol,2022-08,1,448,0.22321428571428573
Corrupcion,noticias_rcn,2018-09,8,955,0.837696335078534
Corrupcion,noticias_rcn,2018-10,9,1189,0.7569386038687973
Corrupcion,noticias_rcn,2018-11,18,1065,1.6901408450704225
Corrupcion,noticias_rcn,2018-12,14,982,1.4256619144602851
Corrupcion,noticias_rcn,2019-01,5,982,0.5091649694501018
Corrupcion,noticias_rcn,2019-02,8,1000,0.8
Corrupcion,noticias_rcn,2019-03,13,1029,1.2633624878522838
Corrupcion,noticias_rcn,2019-04,8,936,0.8547008547008547
Corrupcion,noticias_rcn,2019-05,2,1044,0.19157088122605365
Corrupcion,noticias_rcn,2019-06,7,915,0.7650273224043715
Corrupcion,noticias_rcn,2019-07,18,1199,1.5012510425354462
Corrupcion,noticias_rcn,2019-08,12,1296,0.9259259259259259
Corrupcion,noticias_rcn,2019-09,8,1194,0.6700167504187605
Corrupcion,noticias_rcn,2019-10,9,1282,0.7020280811232449
Corrupcion,noticias_rcn,2019-11,3,896,0.33482142857142855
Corrupcion,noticias_rcn,2019-12,3,941,0.3188097768331562
Corrupcion,noticias_rcn,2020-01,8,1068,0.7490636704119851
Corrupcion,noticias_rcn,2020-02,1,1095,0.091324200913242
Corrupcion,noticias_rcn,2020-03,2,1401,0.14275517487508924
Corrupcion,noticias_rcn,2020-04,10,1371,0.7293946024799417
Corrupcion,noticias_rcn,2020-05,9,1455,0.6185567010309279
Corrupcion,noticias_rcn,2020-06,7,1446,0.48409405255878285
Corrupcion,noticias_rcn,2020-07,12,1548,0.7751937984496124
Corrupcion,noticias_rcn,2020-08,3,1318,0.2276176024279211
Corrupcion,noticias_rcn,2020-09,5,1302,0.38402457757296465
Corrupcion,noticias_rcn,2020-10,5,1495,0.33444816053511706
Corrupcion,noticias_rcn,2020-11,19,1322,1.4372163388804842
Corrupcion,noticias_rcn,2020-12,14,1373,1.0196649672250546
Corrupcion,noticias_rcn,2021-01,7,1387,0.5046863734679163
Corrupcion,noticias_rcn,2021-02,12,1357,0.8843036109064112
Corrupcion,noticias_rcn,2021-03,10,1371,0.7293946024799417
Corrupcion,noticias_rcn,2021-04,8,1297,0.6168080185042406
Corrupcion,noticias_rcn,2021-05,3,1682,0.178359096313912
Corrupcion,noticias_rcn,2021-06,7,1875,0.37333333333333335
Corrupcion,noticias_rcn,2021-07,5,1980,0.25252525252525254
Corrupcion,noticias_rcn,2021-08,6,2005,0.29925187032418954
Corrupcion,noticias_rcn,2021-09,5,2546,0.19638648860958366
Corrupcion,noticias_rcn,2021-10,6,3326,0.1803968731208659
Corrupcion,noticias_rcn,2021-11,9,3238,0.2779493514515133
Corrupcion,noticias_rcn,2021-12,10,3131,0.31938677738741617
Corrupcion,noticias_rcn,2022-01,9,3292,0.2733900364520049
Corrupcion,noticias_rcn,2022-02,11,2875,0.3826086956521739
Corrupcion,noticias_rcn,2022-03,21,3047,0.6892024942566459
Corrupcion,noticias_rcn,2022-04,10,2432,0.41118421052631576
Corrupcion,noticias_rcn,2022-05,9,2480,0.3629032258064516
Corrupcion,noticias_rcn,2022-06,13,2363,0.5501481168006771
Corrupcion,noticias_rcn,2022-07,8,2479,0.3227107704719645
Corrupcion,noticias_rcn,2022-08,1,481,0.2079002079002079
