tema,source_id,day_titles,day_matches,pct_day
Reforma tributaria,blu_radio,159834,678,0.42419009722587186
Reforma tributaria,cambio,98,0,0.0
Reforma tributaria,el_tiempo,262968,1067,0.4057527912141401
Reforma tributaria,la_republica,89076,959,1.0766087386052359
Reforma tributaria,noticias_caracol,104178,336,0.32252490928986927
Reforma tributaria,noticias_rcn,53687,197,0.3669417177342746
Conflicto armado,blu_radio,159834,3231,2.0214722774878937
Conflicto armado,cambio,98,0,0.0
Conflicto armado,el_tiempo,262968,3494,1.328678774603754
Conflicto armado,la_republica,89076,91,0.10215995329830706
Conflicto armado,noticias_caracol,104178,1783,1.711493789475705
Conflicto armado,noticias_rcn,53687,951,1.7713785460167266
Corrupcion,blu_radio,159834,1107,0.692593565824543
Corrupcion,cambio,98,0,0.0
Corrupcion,el_tiempo,262968,1161,0.44149858537920966
Corrupcion,la_republica,89076,311,0.34914006017333515
Corrupcion,noticias_caracol,104178,538,0.5164238130891359
Corrupcion,noticias_rcn,53687,237,0.44144765026915267
