tema,source_id,count,total_titles,pct,wilson_low_pct,wilson_high_pct
Reforma tributaria,blu_radio,689,165916,0.415270377781528,0.3854542160026081,0.4473825602811075
Reforma tributaria,cambio,0,98,0.0,3.469446951953614e-16,3.7719990121680604
Reforma tributaria,el_tiempo,1067,262968,0.4057527912141401,0.3821700912444957,0.43078442394661587
Reforma tributaria,la_republica,989,91743,1.0780114014148219,1.0132077468230691,1.1469118031346437
Reforma tributaria,noticias_caracol,345,109085,0.31626713113626986,0.28465139921327776,0.3513819929669923
Reforma tributaria,noticias_rcn,284,77743,0.36530620120139434,0.3252804982778351,0.41023678845795475
Conflicto armado,blu_radio,3268,165916,1.9696713999855349,1.903912685742849,2.037654158415331
Conflicto armado,cambio,0,98,0.0,3.469446951953614e-16,3.7719990121680604
Conflicto armado,el_tiempo,3494,262968,1.328678774603754,1.2856218049142862,1.3731577130880475
Conflicto armado,la_republica,92,91743,0.10028013036416947,0.0817825744085586,0.12295630906025727
Conflicto armado,noticias_caracol,1816,109085,1.664756840995554,1.590514297374928,1.7424035429828935
Conflicto armado,noticias_rcn,1533,77743,1.9718817128230195,1.8764971872795542,2.072012361428817
Corrupcion,blu_radio,1118,165916,0.6738349526266303,0.6355956612860998,0.7143582918561444
Corrupcion,cambio,0,98,0.0,3.469446951953614e-16,3.7719990121680604
Corrupcion,el_tiempo,1161,262968,0.44149858537920966,0.41687273340566794,0.46757232577565994
Corrupcion,la_republica,318,91743,0.3466204506065858,0.3106127236659439,0.386786171649573
Corrupcion,noticias_caracol,558,109085,0.5115277077508366,0.4709015573946062,0.5556392361873078
Corrupcion,noticias_rcn,410,77743,0.5273786707484919,0.47885250124850776,0.5807937086326348
