article_id,source_id,title,url,num_tokens,known_tokens,vocab_coverage,dominant_topic,topic_confidence
426432,el_tiempo,Oscar nomadland en su camino al premio mas importante del cine,https://www.eltiempo.com/cultura/cine-y-tv/oscar-2021-nomadland-en-su-camino-al-premio-mas-importante-del-cine-573485,6,5,0.8333333333333334,2,0.20002935826778412
111215,el_tiempo,La armada y la importancia del mar caribe opinion,https://www.eltiempo.com/colombia/otras-ciudades/la-armada-y-la-importancia-del-mar-caribe-opinion-490674,5,5,1.0,4,0.20003165304660797
320107,blu_radio,Cayo temible asesino en serie acusado de matar a ancianas,https://www.bluradio.com/mundo/cayo-temible-asesino-en-serie-acusado-de-matar-a-26-ancianas,7,5,0.7142857142857143,3,0.20003916323184967
286065,blu_radio,El norte de italia se prepara para aislamiento por coronavirus,https://www.bluradio.com/salud/el-norte-de-italia-se-prepara-para-aislamiento-por-coronavirus,5,5,1.0,1,0.2000419646501541
85687,el_tiempo,Cuales son los cierres viales en jornada electoral,https://www.eltiempo.com/bogota/cuales-son-los-cierres-viales-en-jornada-electoral-427266,5,5,1.0,3,0.2000434249639511
317505,blu_radio,Vaticano niega haber encubierto abusos sexuales de excardenal mccarrick,https://www.bluradio.com/mundo/vaticano-niega-haber-encubierto-abusos-sexuales-de-excardenal-mccarrick,8,5,0.625,0,0.2000477910041809
39743,el_tiempo,Realidad virtual de la cruz roja para sensibilizar sobre la guerra,https://www.eltiempo.com/tecnosfera/novedades-tecnologia/realidad-virtual-de-la-cruz-roja-para-sensibilizar-sobre-la-guerra-320948,6,5,0.8333333333333334,3,0.20005352795124054
403451,noticias_rcn,Estados unidos supero la barrera de los fallecidos por el coronavirus,https://www.noticiasrcn.com/internacional/estados-unidos-supero-la-barrera-de-los-150-000-fallecidos-por-el-coronavirus-360688,5,5,1.0,2,0.2000546157360077
500406,el_tiempo,Doble homicidio en cucuta hermanos fueron asesinados,https://www.eltiempo.com/colombia/otras-ciudades/doble-homicidio-en-cucuta-hermanos-fueron-asesinados-649324,5,5,1.0,2,0.20005494356155396
469688,el_tiempo,Estados unidos alerta sobre guerra civil en afganistan,https://www.eltiempo.com/mundo/asia/estados-unidos-alerta-sobre-guerra-civil-en-afganistan-615752,5,5,1.0,2,0.20005734264850616
460871,el_tiempo,Kandahar los talibanes capturan la segunda clave de afganistan,https://www.eltiempo.com/mundo/medio-oriente/kandahar-los-talibanes-capturan-la-segunda-clave-de-afganistan-610407,6,5,0.8333333333333334,1,0.20005804300308228
259314,blu_radio,Fin de la hegemonia espanola repase los diez ultimos vencedores de la champions,https://www.bluradio.com/deportes/fin-de-la-hegemonia-espanola-repase-los-diez-ultimos-vencedores-de-la-champions,8,5,0.625,1,0.20006094872951508
891290,la_republica,Las nuevas restricciones tendrian un costo economico de entre y billones,https://www.larepublica.co/economia/las-nuevas-restricciones-tendrian-un-costo-economico-de-entre-8-3-y-12-5-billones-3113345,5,5,1.0,2,0.20006488263607025
73957,el_tiempo,Cual es el futuro de las aplicaciones que ofrecen servicios de transporte,https://www.eltiempo.com/bogota/cual-es-el-futuro-de-las-aplicaciones-que-ofrecen-servicios-de-transporte-386942,5,5,1.0,2,0.20006641745567322
508121,el_tiempo,Whatsapp usuarios reportan caida en la plataforma,https://www.eltiempo.com/tecnosfera/whatsapp-usuarios-reportan-caida-en-la-plataforma-668493,5,5,1.0,0,0.20006825029850006
187433,noticias_caracol,Ee uu acusa al tribunal electoral de bolivia de subvertir la democracia,https://www.noticiascaracol.com/mundo/ee-uu-acusa-al-tribunal-electoral-de-bolivia-de-subvertir-la-democracia,6,5,0.8333333333333334,0,0.20007820427417755
119022,el_tiempo,Suspenden a alcaldesa de sucre por fiesta en cuarentena,https://www.eltiempo.com/colombia/otras-ciudades/suspenden-a-alcaldesa-de-sucre-por-fiesta-en-cuarentena-495278,5,5,1.0,1,0.20007894933223724
918120,la_republica,Larry fink de blackrock la invasion rusa a ucrania ha puesto fin a la globalizacion,https://www.larepublica.co/globoeconomia/larry-fink-de-blackrock-la-invasion-rusa-a-ucrania-ha-puesto-fin-a-la-globalizacion-3329073,9,5,0.5555555555555556,2,0.2000800222158432
526625,el_tiempo,Linea de cundinamarca anuncian inversion de millones,https://www.eltiempo.com/bogota/linea-123-de-cundinamarca-anuncian-inversion-de-5-000-millones-677894,5,5,1.0,1,0.20008032023906708
814558,blu_radio,Loteria del quindio resultados del jueves de junio de so35,https://www.bluradio.com/economia/juegos-de-azar/loteria-del-quindio-resultados-del-jueves-16-de-junio-de-2022-so35,5,5,1.0,0,0.2000863403081894
815384,blu_radio,Loteria del quindio resultados del jueves de junio de so35,https://www.bluradio.com/economia/juegos-de-azar/loteria-del-quindio-resultados-del-jueves-23-de-junio-de-2022-so35,5,5,1.0,0,0.20008637011051178
812813,blu_radio,Loteria del quindio resultados del jueves de junio de so35,https://www.bluradio.com/economia/juegos-de-azar/loteria-del-quindio-resultados-del-jueves-2-de-junio-de-2022-so35,5,5,1.0,0,0.20008638501167297
813671,blu_radio,Loteria del quindio resultados del jueves de junio de so35,https://www.bluradio.com/economia/juegos-de-azar/loteria-del-quindio-resultados-del-jueves-9-de-junio-de-2022-so35,5,5,1.0,0,0.20008642971515656
816129,blu_radio,Loteria del quindio resultados del jueves de junio de so35,https://www.bluradio.com/economia/juegos-de-azar/loteria-del-quindio-resultados-del-jueves-30-de-junio-de-2022-so35,5,5,1.0,0,0.20008645951747894
487186,el_tiempo,Coronavirus oms dice que inmunidad de las vacunas es de meses,https://www.eltiempo.com/salud/coronavirus-oms-dice-que-inmunidad-de-las-vacunas-es-de-6-meses-637803,5,5,1.0,1,0.2000887393951416
784803,blu_radio,Camila osorio no pudo contra ann li y quedo subcampeona del abierto de tenerife,https://www.bluradio.com/deportes/camila-osorio-no-pudo-contra-ann-li-y-quedo-subcampeona-del-abierto-de-tenerife,8,5,0.625,3,0.20008987188339233
215448,noticias_caracol,Impresionante salvada bomberos esquivan bola de fuego en pleno incendio,https://www.noticiascaracol.com/mundo/impresionante-salvada-bomberos-esquivan-bola-de-fuego-en-pleno-incendio,8,5,0.625,0,0.20009265840053558
450292,el_tiempo,Municipios sin luz y barrios inundados por lluvias en sucre,https://www.eltiempo.com/colombia/otras-ciudades/municipios-sin-luz-y-barrios-inundados-por-lluvias-en-sucre-607110,6,5,0.8333333333333334,0,0.20009519159793854
403485,noticias_rcn,La inflacion el dane y mi mama por camilo herrera,https://www.noticiasrcn.com/opinion/camilo-herrera-53/la-inflacion-el-dane-y-mi-mama-por-camilo-herrera-360646,5,5,1.0,0,0.2000955492258072
814392,blu_radio,Loteria de manizales resultados de este miercoles de junio de so35,https://www.bluradio.com/economia/juegos-de-azar/loteria-de-manizales-resultados-de-este-miercoles-15-de-junio-de-2022-so35,5,5,1.0,0,0.2000962793827057
813523,blu_radio,Loteria de manizales resultados de este miercoles de junio de so35,https://www.bluradio.com/economia/juegos-de-azar/loteria-de-manizales-resultados-de-este-miercoles-8-de-junio-de-2022-so35,5,5,1.0,0,0.2000962793827057
812678,blu_radio,Loteria de manizales resultados de este miercoles de junio de so35,https://www.bluradio.com/economia/juegos-de-azar/loteria-de-manizales-resultados-de-este-miercoles-1-de-junio-de-2022-so35,5,5,1.0,0,0.20009629428386688
815989,blu_radio,Loteria de manizales resultados de este miercoles de junio de so35,https://www.bluradio.com/economia/juegos-de-azar/loteria-de-manizales-resultados-de-este-miercoles-29-de-junio-de-2022-so35,5,5,1.0,0,0.20009632408618927
815233,blu_radio,Loteria de manizales resultados de este miercoles de junio de so35,https://www.bluradio.com/economia/juegos-de-azar/loteria-de-manizales-resultados-de-este-miercoles-22-de-junio-de-2022-so35,5,5,1.0,0,0.20009632408618927
93814,el_tiempo,Digital detox la iniciativa que ayuda a las personas a desconectarse de la red,https://www.eltiempo.com/vida/viajar/digital-detox-la-iniciativa-que-ayuda-a-las-personas-a-desconectarse-de-la-red-447546,7,5,0.7142857142857143,1,0.20009638369083405
353973,la_republica,La tasa de desempleo es el problema mas importante de la economia zarate,https://www.larepublica.co/economia/la-tasa-de-desempleo-es-el-problema-mas-importante-de-la-economia-zarate-2944785,6,5,0.8333333333333334,4,0.20009827613830566
160279,noticias_caracol,Cinco recomendaciones para evitar accidentes laborales,https://www.noticiascaracol.com/economia/cinco-recomendaciones-para-evitar-accidentes-laborales,5,5,1.0,1,0.2000991404056549
516419,el_tiempo,Ucrania guerra en el donbas convirtio la zona en un infierno,https://www.eltiempo.com/mundo/europa/ucrania-guerra-en-el-donbas-convirtio-la-zona-en-un-infierno-673842,6,5,0.8333333333333334,2,0.2001000940799713
95778,el_tiempo,Los cambios que traen las nuevas politicas de youtube contra acoso,https://www.eltiempo.com/tecnosfera/apps/los-cambios-que-traen-las-nuevas-politicas-de-youtube-contra-acoso-442750,6,5,0.8333333333333334,1,0.20010054111480713
154354,el_tiempo,Valor del bitcoin hoy supero los mil dolares,https://www.eltiempo.com/tecnosfera/novedades-tecnologia/valor-del-bitcoin-hoy-supero-los-20-mil-dolares-555161,5,5,1.0,1,0.20010121166706085
