article_id,source_id,url,derived_retry,slug_raw
235280,blu_radio,https://www.bluradio.com/noticias/bosnia,,bosnia
235286,blu_radio,https://www.bluradio.com/noticias/dietas,,dietas
235305,blu_radio,https://www.bluradio.com/noticias/shazam,,shazam
235308,blu_radio,https://www.bluradio.com/noticias/tabio,,tabio
235310,blu_radio,https://www.bluradio.com/noticias/zurich,,zurich
238666,blu_radio,https://www.bluradio.com/noticias/drake,,drake
238667,blu_radio,https://www.bluradio.com/noticias/dunga,,dunga
238680,blu_radio,https://www.bluradio.com/noticias/kayak,,kayak
241646,blu_radio,https://www.bluradio.com/noticias/cubara,,cubara
241648,blu_radio,https://www.bluradio.com/noticias/deezer,,deezer
241657,blu_radio,https://www.bluradio.com/noticias/guapi,,guapi
241661,blu_radio,https://www.bluradio.com/noticias/la-haya,,la-haya
241677,blu_radio,https://www.bluradio.com/noticias/tijuana,,tijuana
241679,blu_radio,https://www.bluradio.com/noticias/yandel,,yandel
244462,blu_radio,https://www.bluradio.com/noticias/folclor,,folclor
244469,blu_radio,https://www.bluradio.com/noticias/cnn,,cnn
244476,blu_radio,https://www.bluradio.com/noticias/fuquene,,fuquene
244482,blu_radio,https://www.bluradio.com/noticias/jamaica,,jamaica
244487,blu_radio,https://www.bluradio.com/noticias/linio,,linio
244497,blu_radio,https://www.bluradio.com/noticias/ronaldo,,ronaldo
244498,blu_radio,https://www.bluradio.com/noticias/rumania,,rumania
244505,blu_radio,https://www.bluradio.com/noticias/tumblr,,tumblr
244508,blu_radio,https://www.bluradio.com/noticias/yakarta,,yakarta
247582,blu_radio,https://www.bluradio.com/noticias/cianuro,,cianuro
247618,blu_radio,https://www.bluradio.com/noticias/thanos,,thanos
247620,blu_radio,https://www.bluradio.com/noticias/unad,,unad
250455,blu_radio,https://www.bluradio.com/noticias/esimed,,esimed
250457,blu_radio,https://www.bluradio.com/noticias/fna,,fna
250472,blu_radio,https://www.bluradio.com/noticias/roma,,roma
250473,blu_radio,https://www.bluradio.com/noticias/saturno,,saturno
253452,blu_radio,https://www.bluradio.com/noticias/evacol,,evacol
253462,blu_radio,https://www.bluradio.com/noticias/cabify,,cabify
253466,blu_radio,https://www.bluradio.com/noticias/catam,,catam
253472,blu_radio,https://www.bluradio.com/noticias/francy,,francy
253478,blu_radio,https://www.bluradio.com/noticias/jaguar,,jaguar
253489,blu_radio,https://www.bluradio.com/noticias/polar,,polar
253495,blu_radio,https://www.bluradio.com/noticias/udinese,,udinese
256196,blu_radio,https://www.bluradio.com/noticias/brunei,,brunei
256197,blu_radio,https://www.bluradio.com/noticias/caldono,,caldono
256214,blu_radio,https://www.bluradio.com/noticias/iab-day,,iab-day
256235,blu_radio,https://www.bluradio.com/noticias/skype,,skype
259443,blu_radio,https://www.bluradio.com/noticias/joropo,,joropo
259454,blu_radio,https://www.bluradio.com/noticias/moodys,,moodys
259459,blu_radio,https://www.bluradio.com/noticias/nokia,,nokia
259475,blu_radio,https://www.bluradio.com/noticias/vias-4g,,vias-4g
262217,blu_radio,https://www.bluradio.com/noticias/kenia,,kenia
262220,blu_radio,https://www.bluradio.com/noticias/atlanta,,atlanta
262241,blu_radio,https://www.bluradio.com/noticias/fonade,,fonade
262245,blu_radio,https://www.bluradio.com/noticias/hazard,,hazard
262260,blu_radio,https://www.bluradio.com/noticias/psy,,psy
262264,blu_radio,https://www.bluradio.com/noticias/reficar,,reficar
262275,blu_radio,https://www.bluradio.com/noticias/uganda,,uganda
265406,blu_radio,https://www.bluradio.com/noticias/apollo-11,,apollo-11
265424,blu_radio,https://www.bluradio.com/noticias/lenovo,,lenovo
265443,blu_radio,https://www.bluradio.com/noticias/squash,,squash
268450,blu_radio,https://www.bluradio.com/noticias/farruko,,farruko
268456,blu_radio,https://www.bluradio.com/noticias/h1n1,,h1n1
268457,blu_radio,https://www.bluradio.com/noticias/honda,,honda
268465,blu_radio,https://www.bluradio.com/noticias/kia,,kia
268480,blu_radio,https://www.bluradio.com/noticias/pautips,,pautips
268482,blu_radio,https://www.bluradio.com/noticias/rivaldo,,rivaldo
268490,blu_radio,https://www.bluradio.com/noticias/ventino,,ventino
271492,blu_radio,https://www.bluradio.com/noticias/georgia,,georgia
271493,blu_radio,https://www.bluradio.com/noticias/heroina,,heroina
271494,blu_radio,https://www.bluradio.com/noticias/pradera,,pradera
271501,blu_radio,https://www.bluradio.com/noticias/analdex,,analdex
271504,blu_radio,https://www.bluradio.com/noticias/artbo,,artbo
271505,blu_radio,https://www.bluradio.com/noticias/asbesto,,asbesto
271506,blu_radio,https://www.bluradio.com/noticias/betulia,,betulia
271508,blu_radio,https://www.bluradio.com/noticias/bologna,,bologna
271510,blu_radio,https://www.bluradio.com/noticias/bvc,,bvc
271546,blu_radio,https://www.bluradio.com/noticias/malpelo,,malpelo
271555,blu_radio,https://www.bluradio.com/noticias/piso-21,,piso-21
271568,blu_radio,https://www.bluradio.com/noticias/tappsi,,tappsi
271570,blu_radio,https://www.bluradio.com/noticias/titanic,,titanic
271571,blu_radio,https://www.bluradio.com/noticias/torino,,torino
271574,blu_radio,https://www.bluradio.com/noticias/unasur,,unasur
274794,blu_radio,https://www.bluradio.com/noticias/kaka,,kaka
274804,blu_radio,https://www.bluradio.com/noticias/antv,,antv
274807,blu_radio,https://www.bluradio.com/noticias/basilea,,basilea
274808,blu_radio,https://www.bluradio.com/noticias/bbva,,bbva
274810,blu_radio,https://www.bluradio.com/noticias/caqueza,,caqueza
274820,blu_radio,https://www.bluradio.com/noticias/diesel,,diesel
274831,blu_radio,https://www.bluradio.com/noticias/fao,,fao
274832,blu_radio,https://www.bluradio.com/noticias/fbi,,fbi
274834,blu_radio,https://www.bluradio.com/noticias/fisica,,fisica
274841,blu_radio,https://www.bluradio.com/noticias/iceberg,,iceberg
274842,blu_radio,https://www.bluradio.com/noticias/irlanda,,irlanda
274850,blu_radio,https://www.bluradio.com/noticias/malaria,,malaria
274857,blu_radio,https://www.bluradio.com/noticias/odinsa,,odinsa
274863,blu_radio,https://www.bluradio.com/noticias/quito,,quito
274864,blu_radio,https://www.bluradio.com/noticias/rihanna,,rihanna
274868,blu_radio,https://www.bluradio.com/noticias/senegal,,senegal
274870,blu_radio,https://www.bluradio.com/noticias/shock,,shock
274872,blu_radio,https://www.bluradio.com/noticias/suecia,,suecia
274877,blu_radio,https://www.bluradio.com/noticias/vapeo,,vapeo
274882,blu_radio,https://www.bluradio.com/noticias/waze,,waze
277663,blu_radio,https://www.bluradio.com/noticias/adidas,,adidas
277671,blu_radio,https://www.bluradio.com/noticias/caracas,,caracas
277678,blu_radio,https://www.bluradio.com/noticias/dmg,,dmg
277686,blu_radio,https://www.bluradio.com/noticias/futsal,,futsal
277688,blu_radio,https://www.bluradio.com/noticias/gallup,,gallup
277704,blu_radio,https://www.bluradio.com/noticias/maroon-5,,maroon-5
277714,blu_radio,https://www.bluradio.com/noticias/pesca,,pesca
277720,blu_radio,https://www.bluradio.com/noticias/seattle,,seattle
277722,blu_radio,https://www.bluradio.com/noticias/sidney,,sidney
277723,blu_radio,https://www.bluradio.com/noticias/sinaloa,,sinaloa
277725,blu_radio,https://www.bluradio.com/noticias/tacueyo,,tacueyo
280499,blu_radio,https://www.bluradio.com/noticias/somalia,,somalia
280502,blu_radio,https://www.bluradio.com/noticias/siria,,siria
280522,blu_radio,https://www.bluradio.com/noticias/bet365,,bet365
280533,blu_radio,https://www.bluradio.com/noticias/crispr,,crispr
280542,blu_radio,https://www.bluradio.com/noticias/fed,,fed
280548,blu_radio,https://www.bluradio.com/noticias/inassa,,inassa
280550,blu_radio,https://www.bluradio.com/noticias/islam,,islam
280563,blu_radio,https://www.bluradio.com/noticias/monaco,,monaco
280572,blu_radio,https://www.bluradio.com/noticias/penarol,,penarol
280580,blu_radio,https://www.bluradio.com/noticias/runt,,runt
280585,blu_radio,https://www.bluradio.com/noticias/tiar,,tiar
280587,blu_radio,https://www.bluradio.com/noticias/ungrd,,ungrd
280592,blu_radio,https://www.bluradio.com/noticias/yage,,yage
283646,blu_radio,https://www.bluradio.com/noticias/anime,,anime
283651,blu_radio,https://www.bluradio.com/noticias/beyonce,,beyonce
283672,blu_radio,https://www.bluradio.com/noticias/fundeu,,fundeu
283678,blu_radio,https://www.bluradio.com/noticias/hacari,,hacari
283680,blu_radio,https://www.bluradio.com/noticias/hezbola,,hezbola
283700,blu_radio,https://www.bluradio.com/noticias/matanza,,matanza
283730,blu_radio,https://www.bluradio.com/noticias/sordera,,sordera
283735,blu_radio,https://www.bluradio.com/noticias/tinder,,tinder
283737,blu_radio,https://www.bluradio.com/noticias/tren,,tren
283739,blu_radio,https://www.bluradio.com/noticias/urrao,,urrao
286680,blu_radio,https://www.bluradio.com/noticias/anif,,anif
286681,blu_radio,https://www.bluradio.com/noticias/kabul,,kabul
286684,blu_radio,https://www.bluradio.com/noticias/ford,,ford
286689,blu_radio,https://www.bluradio.com/noticias/acdac,,acdac
286705,blu_radio,https://www.bluradio.com/noticias/audi,,audi
286708,blu_radio,https://www.bluradio.com/noticias/brexit,,brexit
286723,blu_radio,https://www.bluradio.com/noticias/daytona,,daytona
286728,blu_radio,https://www.bluradio.com/noticias/doping,,doping
286730,blu_radio,https://www.bluradio.com/noticias/eibar,,eibar
286737,blu_radio,https://www.bluradio.com/noticias/fedegan,,fedegan
286770,blu_radio,https://www.bluradio.com/noticias/mesetas,,mesetas
286772,blu_radio,https://www.bluradio.com/noticias/moe,,moe
286784,blu_radio,https://www.bluradio.com/noticias/pele,,pele
286793,blu_radio,https://www.bluradio.com/noticias/rtvc,,rtvc
286801,blu_radio,https://www.bluradio.com/noticias/sexting,,sexting
286810,blu_radio,https://www.bluradio.com/noticias/tesla,,tesla
286812,blu_radio,https://www.bluradio.com/noticias/toyota,,toyota
286820,blu_radio,https://www.bluradio.com/noticias/volvo,,volvo
284876,blu_radio,https://www.bluradio.com/salud/la-cura,,la-cura
289943,blu_radio,https://www.bluradio.com/noticias/irak,,irak
289959,blu_radio,https://www.bluradio.com/noticias/ani,,ani
289963,blu_radio,https://www.bluradio.com/noticias/atlas,,atlas
289966,blu_radio,https://www.bluradio.com/noticias/briceno,,briceno
289967,blu_radio,https://www.bluradio.com/noticias/cafam,,cafam
289978,blu_radio,https://www.bluradio.com/noticias/cut,,cut
289980,blu_radio,https://www.bluradio.com/noticias/dea,,dea
289986,blu_radio,https://www.bluradio.com/noticias/dragado,,dragado
289989,blu_radio,https://www.bluradio.com/noticias/egipto,,egipto
290019,blu_radio,https://www.bluradio.com/noticias/matoneo,,matoneo
290024,blu_radio,https://www.bluradio.com/noticias/nissan,,nissan
290036,blu_radio,https://www.bluradio.com/noticias/sonson,,sonson
290039,blu_radio,https://www.bluradio.com/noticias/tenjo,,tenjo
290046,blu_radio,https://www.bluradio.com/noticias/yemen,,yemen
293262,blu_radio,https://www.bluradio.com/noticias/isagen,,isagen
293263,blu_radio,https://www.bluradio.com/noticias/fonseca,,fonseca
293270,blu_radio,https://www.bluradio.com/noticias/opep,,opep
293271,blu_radio,https://www.bluradio.com/noticias/airbnb,,airbnb
293278,blu_radio,https://www.bluradio.com/noticias/argelia,,argelia
293282,blu_radio,https://www.bluradio.com/noticias/avicii,,avicii
293283,blu_radio,https://www.bluradio.com/noticias/benzema,,benzema
293287,blu_radio,https://www.bluradio.com/noticias/calle-13,,calle-13
293302,blu_radio,https://www.bluradio.com/noticias/didi,,didi
293317,blu_radio,https://www.bluradio.com/noticias/gusi,,gusi
293337,blu_radio,https://www.bluradio.com/noticias/m-19,,m-19
293344,blu_radio,https://www.bluradio.com/noticias/nequi,,nequi
293346,blu_radio,https://www.bluradio.com/noticias/panama,,panama
293347,blu_radio,https://www.bluradio.com/noticias/pescara,,pescara
293353,blu_radio,https://www.bluradio.com/noticias/rugby,,rugby
293360,blu_radio,https://www.bluradio.com/noticias/sisben,,sisben
293362,blu_radio,https://www.bluradio.com/noticias/soat,,soat
293364,blu_radio,https://www.bluradio.com/noticias/tachira,,tachira
293365,blu_radio,https://www.bluradio.com/noticias/teleton,,teleton
293366,blu_radio,https://www.bluradio.com/noticias/tigo,,tigo
293367,blu_radio,https://www.bluradio.com/noticias/toribio,,toribio
293370,blu_radio,https://www.bluradio.com/noticias/ucrania,,ucrania
296947,blu_radio,https://www.bluradio.com/noticias/dne,,dne
296948,blu_radio,https://www.bluradio.com/noticias/texas,,texas
296951,blu_radio,https://www.bluradio.com/noticias/adele,,adele
296952,blu_radio,https://www.bluradio.com/noticias/emcali,,emcali
296955,blu_radio,https://www.bluradio.com/noticias/otan,,otan
296962,blu_radio,https://www.bluradio.com/noticias/adn,,adn
296976,blu_radio,https://www.bluradio.com/noticias/bojaya,,bojaya
296979,blu_radio,https://www.bluradio.com/noticias/caloto,,caloto
296988,blu_radio,https://www.bluradio.com/noticias/cepal,,cepal
296990,blu_radio,https://www.bluradio.com/noticias/cgt,,cgt
296999,blu_radio,https://www.bluradio.com/noticias/cpi,,cpi
297000,blu_radio,https://www.bluradio.com/noticias/cric,,cric
297009,blu_radio,https://www.bluradio.com/noticias/directv,,directv
297027,blu_radio,https://www.bluradio.com/noticias/gps,,gps
297028,blu_radio,https://www.bluradio.com/noticias/guatape,,guatape
297032,blu_radio,https://www.bluradio.com/noticias/ikea,,ikea
297057,blu_radio,https://www.bluradio.com/noticias/manati,,manati
297063,blu_radio,https://www.bluradio.com/noticias/melgar,,melgar
297067,blu_radio,https://www.bluradio.com/noticias/motin,,motin
297081,blu_radio,https://www.bluradio.com/noticias/playboy,,playboy
297094,blu_radio,https://www.bluradio.com/noticias/siloe,,siloe
297096,blu_radio,https://www.bluradio.com/noticias/sony,,sony
297103,blu_radio,https://www.bluradio.com/noticias/ted,,ted
297111,blu_radio,https://www.bluradio.com/noticias/usme,,usme
297112,blu_radio,https://www.bluradio.com/noticias/utah,,utah
297118,blu_radio,https://www.bluradio.com/noticias/yoga,,yoga
297119,blu_radio,https://www.bluradio.com/noticias/yolombo,,yolombo
297120,blu_radio,https://www.bluradio.com/noticias/yondo,,yondo
300589,blu_radio,https://www.bluradio.com/noticias/pdvsa,,pdvsa
300590,blu_radio,https://www.bluradio.com/noticias/dagrd,,dagrd
300593,blu_radio,https://www.bluradio.com/noticias/bacrim,,bacrim
300594,blu_radio,https://www.bluradio.com/noticias/oea,,oea
300596,blu_radio,https://www.bluradio.com/noticias/hbo,,hbo
300598,blu_radio,https://www.bluradio.com/noticias/ideam,,ideam
300601,blu_radio,https://www.bluradio.com/noticias/colonia,,colonia
300604,blu_radio,https://www.bluradio.com/noticias/acnur,,acnur
300617,blu_radio,https://www.bluradio.com/noticias/armero,,armero
300618,blu_radio,https://www.bluradio.com/noticias/arte,,arte
300619,blu_radio,https://www.bluradio.com/noticias/artico,,artico
300625,blu_radio,https://www.bluradio.com/noticias/autismo,,autismo
300630,blu_radio,https://www.bluradio.com/noticias/barbie,,barbie
300632,blu_radio,https://www.bluradio.com/noticias/bmx,,bmx
300634,blu_radio,https://www.bluradio.com/noticias/cafu,,cafu
300647,blu_radio,https://www.bluradio.com/noticias/cerac,,cerac
300648,blu_radio,https://www.bluradio.com/noticias/charala,,charala
300651,blu_radio,https://www.bluradio.com/noticias/congo,,congo
300658,blu_radio,https://www.bluradio.com/noticias/cronica,,cronica
300669,blu_radio,https://www.bluradio.com/noticias/dopaje,,dopaje
300670,blu_radio,https://www.bluradio.com/noticias/ebola,,ebola
300680,blu_radio,https://www.bluradio.com/noticias/farina,,farina
300697,blu_radio,https://www.bluradio.com/noticias/hjck,,hjck
300701,blu_radio,https://www.bluradio.com/noticias/hyundai,,hyundai
300718,blu_radio,https://www.bluradio.com/noticias/levante,,levante
300737,blu_radio,https://www.bluradio.com/noticias/mclaren,,mclaren
300749,blu_radio,https://www.bluradio.com/noticias/nazismo,,nazismo
300753,blu_radio,https://www.bluradio.com/noticias/ocde,,ocde
300756,blu_radio,https://www.bluradio.com/noticias/omc,,omc
300759,blu_radio,https://www.bluradio.com/noticias/palermo,,palermo
300760,blu_radio,https://www.bluradio.com/noticias/pance,,pance
300766,blu_radio,https://www.bluradio.com/noticias/pekin,,pekin
300780,blu_radio,https://www.bluradio.com/noticias/reebok,,reebok
300790,blu_radio,https://www.bluradio.com/noticias/salgar,,salgar
300797,blu_radio,https://www.bluradio.com/noticias/sitp,,sitp
300805,blu_radio,https://www.bluradio.com/noticias/teorama,,teorama
300825,blu_radio,https://www.bluradio.com/noticias/yuri,,yuri
304261,blu_radio,https://www.bluradio.com/noticias/dijin,,dijin
304263,blu_radio,https://www.bluradio.com/noticias/turquia,,turquia
304264,blu_radio,https://www.bluradio.com/noticias/uruguay,,uruguay
304268,blu_radio,https://www.bluradio.com/noticias/taxis,,taxis
304271,blu_radio,https://www.bluradio.com/noticias/dagma,,dagma
304280,blu_radio,https://www.bluradio.com/noticias/uber,,uber
304302,blu_radio,https://www.bluradio.com/noticias/bavaria,,bavaria
304304,blu_radio,https://www.bluradio.com/noticias/bitcoin,,bitcoin
304308,blu_radio,https://www.bluradio.com/noticias/camacol,,camacol
304319,blu_radio,https://www.bluradio.com/noticias/catar,,catar
304326,blu_radio,https://www.bluradio.com/noticias/claro,,claro
304327,blu_radio,https://www.bluradio.com/noticias/combita,,combita
304329,blu_radio,https://www.bluradio.com/noticias/comics,,comics
304340,blu_radio,https://www.bluradio.com/noticias/corinto,,corinto
304347,blu_radio,https://www.bluradio.com/noticias/dengue,,dengue
304362,blu_radio,https://www.bluradio.com/noticias/estres,,estres
304371,blu_radio,https://www.bluradio.com/noticias/fmi,,fmi
304388,blu_radio,https://www.bluradio.com/noticias/hungria,,hungria
304389,blu_radio,https://www.bluradio.com/noticias/icetex,,icetex
304391,blu_radio,https://www.bluradio.com/noticias/iphone,,iphone
304396,blu_radio,https://www.bluradio.com/noticias/jerico,,jerico
304403,blu_radio,https://www.bluradio.com/noticias/juanes,,juanes
304405,blu_radio,https://www.bluradio.com/noticias/kansas,,kansas
304408,blu_radio,https://www.bluradio.com/noticias/kennedy,,kennedy
304412,blu_radio,https://www.bluradio.com/noticias/londres,,londres
304416,blu_radio,https://www.bluradio.com/noticias/madonna,,madonna
304428,blu_radio,https://www.bluradio.com/noticias/moscu,,moscu
304430,blu_radio,https://www.bluradio.com/noticias/napoles,,napoles
304433,blu_radio,https://www.bluradio.com/noticias/noruega,,noruega
304437,blu_radio,https://www.bluradio.com/noticias/orlando,,orlando
304439,blu_radio,https://www.bluradio.com/noticias/parma,,parma
304446,blu_radio,https://www.bluradio.com/noticias/picap,,picap
304467,blu_radio,https://www.bluradio.com/noticias/segovia,,segovia
304471,blu_radio,https://www.bluradio.com/noticias/seul,,seul
304473,blu_radio,https://www.bluradio.com/noticias/spotify,,spotify
304474,blu_radio,https://www.bluradio.com/noticias/suba,,suba
304481,blu_radio,https://www.bluradio.com/noticias/thalia,,thalia
304488,blu_radio,https://www.bluradio.com/noticias/tsunami,,tsunami
304489,blu_radio,https://www.bluradio.com/noticias/uaesp,,uaesp
304490,blu_radio,https://www.bluradio.com/noticias/ufc,,ufc
304496,blu_radio,https://www.bluradio.com/noticias/usaquen,,usaquen
304499,blu_radio,https://www.bluradio.com/noticias/vaupes,,vaupes
304502,blu_radio,https://www.bluradio.com/noticias/vichada,,vichada
304503,blu_radio,https://www.bluradio.com/noticias/vietnam,,vietnam
304509,blu_radio,https://www.bluradio.com/noticias/windows,,windows
307868,blu_radio,https://www.bluradio.com/noticias/anla,,anla
307872,blu_radio,https://www.bluradio.com/noticias/israel,,israel
307874,blu_radio,https://www.bluradio.com/noticias/espana,,espana
307876,blu_radio,https://www.bluradio.com/noticias/onu,,onu
307877,blu_radio,https://www.bluradio.com/noticias/belgica,,belgica
307880,blu_radio,https://www.bluradio.com/noticias/grecia,,grecia
307884,blu_radio,https://www.bluradio.com/noticias/cuba,,cuba
307885,blu_radio,https://www.bluradio.com/noticias/bolivia,,bolivia
307887,blu_radio,https://www.bluradio.com/noticias/asocana,,asocana
307888,blu_radio,https://www.bluradio.com/noticias/iran,,iran
307891,blu_radio,https://www.bluradio.com/noticias/paris,,paris
307892,blu_radio,https://www.bluradio.com/noticias/india,,india
307895,blu_radio,https://www.bluradio.com/noticias/lebrija,,lebrija
307905,blu_radio,https://www.bluradio.com/noticias/twitter,,twitter
307906,blu_radio,https://www.bluradio.com/noticias/boxeo,,boxeo
307917,blu_radio,https://www.bluradio.com/noticias/japon,,japon
307923,blu_radio,https://www.bluradio.com/noticias/inpec,,inpec
307928,blu_radio,https://www.bluradio.com/noticias/ovni,,ovni
307932,blu_radio,https://www.bluradio.com/noticias/boyaca,,boyaca
307946,blu_radio,https://www.bluradio.com/noticias/andi,,andi
307948,blu_radio,https://www.bluradio.com/noticias/android,,android
307955,blu_radio,https://www.bluradio.com/noticias/apple,,apple
307961,blu_radio,https://www.bluradio.com/noticias/as-roma,,as-roma
307965,blu_radio,https://www.bluradio.com/noticias/asia,,asia
307968,blu_radio,https://www.bluradio.com/noticias/austria,,austria
307973,blu_radio,https://www.bluradio.com/noticias/benfica,,benfica
307974,blu_radio,https://www.bluradio.com/noticias/berlin,,berlin
307986,blu_radio,https://www.bluradio.com/noticias/cancer,,cancer
308004,blu_radio,https://www.bluradio.com/noticias/chelsea,,chelsea
308007,blu_radio,https://www.bluradio.com/noticias/cidh,,cidh
308023,blu_radio,https://www.bluradio.com/noticias/coomeva,,coomeva
308024,blu_radio,https://www.bluradio.com/noticias/cordoba,,cordoba
308028,blu_radio,https://www.bluradio.com/noticias/cotelco,,cotelco
308034,blu_radio,https://www.bluradio.com/noticias/cumbia,,cumbia
308035,blu_radio,https://www.bluradio.com/noticias/dabeiba,,dabeiba
308036,blu_radio,https://www.bluradio.com/noticias/dagua,,dagua
308048,blu_radio,https://www.bluradio.com/noticias/dian,,dian
308052,blu_radio,https://www.bluradio.com/noticias/disney,,disney
308055,blu_radio,https://www.bluradio.com/noticias/doodle,,doodle
308061,blu_radio,https://www.bluradio.com/noticias/emab,,emab
308067,blu_radio,https://www.bluradio.com/noticias/esmad,,esmad
308069,blu_radio,https://www.bluradio.com/noticias/espn,,espn
308071,blu_radio,https://www.bluradio.com/noticias/etb,,etb
308075,blu_radio,https://www.bluradio.com/noticias/fecode,,fecode
308084,blu_radio,https://www.bluradio.com/noticias/flip,,flip
308092,blu_radio,https://www.bluradio.com/noticias/gamers,,gamers
308097,blu_radio,https://www.bluradio.com/noticias/getafe,,getafe
308109,blu_radio,https://www.bluradio.com/noticias/holanda,,holanda
308113,blu_radio,https://www.bluradio.com/noticias/hrw,,hrw
308114,blu_radio,https://www.bluradio.com/noticias/ibm,,ibm
308115,blu_radio,https://www.bluradio.com/noticias/icfes,,icfes
308123,blu_radio,https://www.bluradio.com/noticias/invima,,invima
308124,blu_radio,https://www.bluradio.com/noticias/ituango,,ituango
308146,blu_radio,https://www.bluradio.com/noticias/karol-g,,karol-g
308150,blu_radio,https://www.bluradio.com/noticias/lazio,,lazio
308155,blu_radio,https://www.bluradio.com/noticias/lgbti,,lgbti
308156,blu_radio,https://www.bluradio.com/noticias/ligue-1,,ligue-1
308157,blu_radio,https://www.bluradio.com/noticias/lisboa,,lisboa
308164,blu_radio,https://www.bluradio.com/noticias/lyon,,lyon
308167,blu_radio,https://www.bluradio.com/noticias/macondo,,macondo
308179,blu_radio,https://www.bluradio.com/noticias/marvel,,marvel
308181,blu_radio,https://www.bluradio.com/noticias/medimas,,medimas
308196,blu_radio,https://www.bluradio.com/noticias/mls,,mls
308205,blu_radio,https://www.bluradio.com/noticias/napoli,,napoli
308206,blu_radio,https://www.bluradio.com/noticias/nasa,,nasa
308207,blu_radio,https://www.bluradio.com/noticias/nigeria,,nigeria
308219,blu_radio,https://www.bluradio.com/noticias/pae,,pae
308227,blu_radio,https://www.bluradio.com/noticias/pasaje,,pasaje
308236,blu_radio,https://www.bluradio.com/noticias/pib,,pib
308240,blu_radio,https://www.bluradio.com/noticias/polonia,,polonia
308241,blu_radio,https://www.bluradio.com/noticias/porto,,porto
308246,blu_radio,https://www.bluradio.com/noticias/prosur,,prosur
308251,blu_radio,https://www.bluradio.com/noticias/rae,,rae
308255,blu_radio,https://www.bluradio.com/noticias/rbd,,rbd
308256,blu_radio,https://www.bluradio.com/noticias/red-5g,,red-5g
308268,blu_radio,https://www.bluradio.com/noticias/romance,,romance
308271,blu_radio,https://www.bluradio.com/noticias/sacyr,,sacyr
308272,blu_radio,https://www.bluradio.com/noticias/salome,,salome
308273,blu_radio,https://www.bluradio.com/noticias/salsa,,salsa
308274,blu_radio,https://www.bluradio.com/noticias/samsung,,samsung
308288,blu_radio,https://www.bluradio.com/noticias/sena,,sena
308291,blu_radio,https://www.bluradio.com/noticias/sevilla,,sevilla
308300,blu_radio,https://www.bluradio.com/noticias/taiwan,,taiwan
308311,blu_radio,https://www.bluradio.com/noticias/tierra,,tierra
308312,blu_radio,https://www.bluradio.com/noticias/tiktok,,tiktok
308318,blu_radio,https://www.bluradio.com/noticias/tutela,,tutela
308319,blu_radio,https://www.bluradio.com/noticias/unesco,,unesco
308324,blu_radio,https://www.bluradio.com/noticias/uraba,,uraba
308330,blu_radio,https://www.bluradio.com/noticias/viagra,,viagra
308336,blu_radio,https://www.bluradio.com/noticias/wayuu,,wayuu
308337,blu_radio,https://www.bluradio.com/noticias/wifi,,wifi
308340,blu_radio,https://www.bluradio.com/noticias/yarumal,,yarumal
308343,blu_radio,https://www.bluradio.com/noticias/zoom,,zoom
311943,blu_radio,https://www.bluradio.com/noticias/viral,,viral
311944,blu_radio,https://www.bluradio.com/noticias/serie-a,,serie-a
311947,blu_radio,https://www.bluradio.com/noticias/farc,,farc
311948,blu_radio,https://www.bluradio.com/noticias/auc,,auc
311951,blu_radio,https://www.bluradio.com/noticias/nba,,nba
311956,blu_radio,https://www.bluradio.com/noticias/brasil,,brasil
311959,blu_radio,https://www.bluradio.com/noticias/eln,,eln
311962,blu_radio,https://www.bluradio.com/noticias/peru,,peru
311964,blu_radio,https://www.bluradio.com/noticias/debate,,debate
311966,blu_radio,https://www.bluradio.com/noticias/musica,,musica
311970,blu_radio,https://www.bluradio.com/noticias/rinas,,rinas
311972,blu_radio,https://www.bluradio.com/noticias/ecuador,,ecuador
311973,blu_radio,https://www.bluradio.com/noticias/icbf,,icbf
311974,blu_radio,https://www.bluradio.com/noticias/china,,china
311978,blu_radio,https://www.bluradio.com/noticias/bbc,,bbc
311982,blu_radio,https://www.bluradio.com/noticias/turismo,,turismo
311990,blu_radio,https://www.bluradio.com/noticias/rusia,,rusia
312004,blu_radio,https://www.bluradio.com/noticias/francia,,francia
312005,blu_radio,https://www.bluradio.com/noticias/neymar,,neymar
312006,blu_radio,https://www.bluradio.com/noticias/europa,,europa
312009,blu_radio,https://www.bluradio.com/noticias/narino,,narino
312013,blu_radio,https://www.bluradio.com/noticias/playas,,playas
312014,blu_radio,https://www.bluradio.com/noticias/mexico,,mexico
312015,blu_radio,https://www.bluradio.com/noticias/cocaina,,cocaina
312016,blu_radio,https://www.bluradio.com/noticias/cine,,cine
312018,blu_radio,https://www.bluradio.com/noticias/choco,,choco
312019,blu_radio,https://www.bluradio.com/noticias/bosa,,bosa
312027,blu_radio,https://www.bluradio.com/noticias/canada,,canada
312028,blu_radio,https://www.bluradio.com/noticias/tolima,,tolima
312030,blu_radio,https://www.bluradio.com/noticias/navidad,,navidad
312037,blu_radio,https://www.bluradio.com/noticias/florida,,florida
312039,blu_radio,https://www.bluradio.com/noticias/huila,,huila
312045,blu_radio,https://www.bluradio.com/noticias/sexo,,sexo
312048,blu_radio,https://www.bluradio.com/noticias/amazon,,amazon
312049,blu_radio,https://www.bluradio.com/noticias/dane,,dane
312052,blu_radio,https://www.bluradio.com/noticias/bid,,bid
312063,blu_radio,https://www.bluradio.com/noticias/suiza,,suiza
312064,blu_radio,https://www.bluradio.com/noticias/eps,,eps
312068,blu_radio,https://www.bluradio.com/noticias/uefa,,uefa
312080,blu_radio,https://www.bluradio.com/noticias/africa,,africa
312095,blu_radio,https://www.bluradio.com/noticias/andicom,,andicom
312103,blu_radio,https://www.bluradio.com/noticias/arsenal,,arsenal
312107,blu_radio,https://www.bluradio.com/noticias/atp,,atp
312113,blu_radio,https://www.bluradio.com/noticias/beirut,,beirut
312114,blu_radio,https://www.bluradio.com/noticias/beisbol,,beisbol
312119,blu_radio,https://www.bluradio.com/noticias/boston,,boston
312127,blu_radio,https://www.bluradio.com/noticias/caribe,,caribe
312135,blu_radio,https://www.bluradio.com/noticias/cauca,,cauca
312137,blu_radio,https://www.bluradio.com/noticias/cesar,,cesar
312143,blu_radio,https://www.bluradio.com/noticias/cne,,cne
312156,blu_radio,https://www.bluradio.com/noticias/croacia,,croacia
312175,blu_radio,https://www.bluradio.com/noticias/dimayor,,dimayor
312185,blu_radio,https://www.bluradio.com/noticias/empleo,,empleo
312188,blu_radio,https://www.bluradio.com/noticias/epm,,epm
312193,blu_radio,https://www.bluradio.com/noticias/eta,,eta
312194,blu_radio,https://www.bluradio.com/noticias/everton,,everton
312201,blu_radio,https://www.bluradio.com/noticias/fenalco,,fenalco
312203,blu_radio,https://www.bluradio.com/noticias/ferrari,,ferrari
312207,blu_radio,https://www.bluradio.com/noticias/forbes,,forbes
312208,blu_radio,https://www.bluradio.com/noticias/formula-1,,formula-1
312209,blu_radio,https://www.bluradio.com/noticias/fox,,fox
312225,blu_radio,https://www.bluradio.com/noticias/golf,,golf
312227,blu_radio,https://www.bluradio.com/noticias/google,,google
312232,blu_radio,https://www.bluradio.com/noticias/hawai,,hawai
312238,blu_radio,https://www.bluradio.com/noticias/hoteles,,hoteles
312239,blu_radio,https://www.bluradio.com/noticias/huawei,,huawei
312241,blu_radio,https://www.bluradio.com/noticias/idrd,,idrd
312242,blu_radio,https://www.bluradio.com/noticias/idu,,idu
312247,blu_radio,https://www.bluradio.com/noticias/invias,,invias
312249,blu_radio,https://www.bluradio.com/noticias/italia,,italia
312254,blu_radio,https://www.bluradio.com/noticias/jep,,jep
312275,blu_radio,https://www.bluradio.com/noticias/legarda,,legarda
312278,blu_radio,https://www.bluradio.com/noticias/lg,,lg
312283,blu_radio,https://www.bluradio.com/noticias/malaga,,malaga
312284,blu_radio,https://www.bluradio.com/noticias/malasia,,malasia
312285,blu_radio,https://www.bluradio.com/noticias/maluma,,maluma
312294,blu_radio,https://www.bluradio.com/noticias/meta,,meta
312300,blu_radio,https://www.bluradio.com/noticias/minesa,,minesa
312302,blu_radio,https://www.bluradio.com/noticias/motel,,motel
312304,blu_radio,https://www.bluradio.com/noticias/mujeres,,mujeres
312308,blu_radio,https://www.bluradio.com/noticias/netflix,,netflix
312309,blu_radio,https://www.bluradio.com/noticias/nike,,nike
312312,blu_radio,https://www.bluradio.com/noticias/oms,,oms
312322,blu_radio,https://www.bluradio.com/noticias/peajes,,peajes
312333,blu_radio,https://www.bluradio.com/noticias/psg,,psg
312337,blu_radio,https://www.bluradio.com/noticias/pymes,,pymes
312338,blu_radio,https://www.bluradio.com/noticias/queen,,queen
312339,blu_radio,https://www.bluradio.com/noticias/quindio,,quindio
312340,blu_radio,https://www.bluradio.com/noticias/racismo,,racismo
312342,blu_radio,https://www.bluradio.com/noticias/rappi,,rappi
312345,blu_radio,https://www.bluradio.com/noticias/renault,,renault
312354,blu_radio,https://www.bluradio.com/noticias/salud,,salud
312362,blu_radio,https://www.bluradio.com/noticias/sebin,,sebin
312374,blu_radio,https://www.bluradio.com/noticias/shakira,,shakira
312380,blu_radio,https://www.bluradio.com/noticias/subred,,subred
312381,blu_radio,https://www.bluradio.com/noticias/sucre,,sucre
312382,blu_radio,https://www.bluradio.com/noticias/sumapaz,,sumapaz
312388,blu_radio,https://www.bluradio.com/noticias/tini,,tini
312389,blu_radio,https://www.bluradio.com/noticias/tokio-2020,,tokio-2020
312392,blu_radio,https://www.bluradio.com/noticias/toronto,,toronto
312398,blu_radio,https://www.bluradio.com/noticias/unicef,,unicef
312403,blu_radio,https://www.bluradio.com/noticias/us-open,,us-open
312409,blu_radio,https://www.bluradio.com/noticias/var,,var
312411,blu_radio,https://www.bluradio.com/noticias/vera,,vera
312428,blu_radio,https://www.bluradio.com/noticias/corazon,,corazon
312429,blu_radio,https://www.bluradio.com/noticias/cumbre,,cumbre
312431,blu_radio,https://www.bluradio.com/noticias/grua,,grua
312437,blu_radio,https://www.bluradio.com/noticias/paseo,,paseo
312438,blu_radio,https://www.bluradio.com/noticias/porsche,,porsche
312440,blu_radio,https://www.bluradio.com/noticias/suso,,suso
312451,blu_radio,https://www.bluradio.com/noticias/avianca,,avianca
312465,blu_radio,https://www.bluradio.com/noticias/wechat,,wechat
312476,blu_radio,https://www.bluradio.com/noticias/bolivar,,bolivar
312484,blu_radio,https://www.bluradio.com/noticias/vih,,vih
312489,blu_radio,https://www.bluradio.com/noticias/jorge-40,,jorge-40
312500,blu_radio,https://www.bluradio.com/noticias/clima,,clima
312510,blu_radio,https://www.bluradio.com/noticias/laliga,,laliga
312514,blu_radio,https://www.bluradio.com/noticias/mafalda,,mafalda
312515,blu_radio,https://www.bluradio.com/noticias/tenis,,tenis
312561,blu_radio,https://www.bluradio.com/regiones/caribe,,caribe
312562,blu_radio,https://www.bluradio.com/regiones/bogota,,bogota
312565,blu_radio,https://www.bluradio.com/mundo,,mundo
312573,blu_radio,https://www.bluradio.com/salud,,salud
312574,blu_radio,https://www.bluradio.com/sociedad/mujer,,mujer
312576,blu_radio,https://www.bluradio.com/sociedad/cultura,,cultura
312578,blu_radio,https://www.bluradio.com/tecnologia/ciencia,,ciencia
312579,blu_radio,https://www.bluradio.com/nacion,,nacion
312581,blu_radio,https://www.bluradio.com/deportes/futbol,,futbol
312582,blu_radio,https://www.bluradio.com/nacion/paz,,paz
312583,blu_radio,https://www.bluradio.com/humor,,humor
312584,blu_radio,https://www.bluradio.com/opinion,,opinion
312589,blu_radio,https://www.bluradio.com/sociedad/gente,,gente
312596,blu_radio,https://www.bluradio.com/turismo,,turismo
312189,blu_radio,https://www.bluradio.com/noticias/ericson,,ericson
316373,blu_radio,https://www.bluradio.com/noticias/youtube,,youtube
316374,blu_radio,https://www.bluradio.com/noticias/iberia,,iberia
316379,blu_radio,https://www.bluradio.com/noticias/selena,,selena
316389,blu_radio,https://www.bluradio.com/noticias/la-luna,,la-luna
316399,blu_radio,https://www.bluradio.com/noticias/chile,,chile
316409,blu_radio,https://www.bluradio.com/noticias/atraco,,atraco
316423,blu_radio,https://www.bluradio.com/bumbox/baklava,,baklava
316407,blu_radio,https://www.bluradio.com/noticias/nxivm,,nxivm
320012,blu_radio,https://www.bluradio.com/noticias/caqueta,,caqueta
320013,blu_radio,https://www.bluradio.com/noticias/cedula,,cedula
320018,blu_radio,https://www.bluradio.com/noticias/leticia,,leticia
320028,blu_radio,https://www.bluradio.com/noticias/pfizer,,pfizer
320030,blu_radio,https://www.bluradio.com/noticias/fifa,,fifa
320035,blu_radio,https://www.bluradio.com/noticias/moderna,,moderna
320038,blu_radio,https://www.bluradio.com/noticias/xbox,,xbox
323548,blu_radio,https://www.bluradio.com/noticias/marte,,marte
323549,blu_radio,https://www.bluradio.com/noticias/sijin,,sijin
323556,blu_radio,https://www.bluradio.com/noticias/hambre,,hambre
323561,blu_radio,https://www.bluradio.com/noticias/coi,,coi
323581,blu_radio,https://www.bluradio.com/noticias/aborto,,aborto
323582,blu_radio,https://www.bluradio.com/noticias/wom,,wom
323585,blu_radio,https://www.bluradio.com/noticias/janssen,,janssen
321079,blu_radio,https://www.bluradio.com/blu360/caribe/frente,,frente
323578,blu_radio,https://www.bluradio.com/noticias/pambele,,pambele
751900,blu_radio,https://www.bluradio.com/noticias/uci,,uci
751909,blu_radio,https://www.bluradio.com/noticias/rating,,rating
751911,blu_radio,https://www.bluradio.com/noticias/xiaomi,,xiaomi
751945,blu_radio,https://www.bluradio.com/noticias/covax,,covax
751926,blu_radio,https://www.bluradio.com/noticias/lupin,,lupin
751949,blu_radio,https://www.bluradio.com/noticias/curevac,,curevac
755315,blu_radio,https://www.bluradio.com/noticias/madrid,,madrid
755316,blu_radio,https://www.bluradio.com/noticias/cali,,cali
755317,blu_radio,https://www.bluradio.com/noticias/yopal,,yopal
755319,blu_radio,https://www.bluradio.com/noticias/ibague,,ibague
755320,blu_radio,https://www.bluradio.com/noticias/tumaco,,tumaco
755323,blu_radio,https://www.bluradio.com/noticias/turbaco,,turbaco
755325,blu_radio,https://www.bluradio.com/noticias/pasto,,pasto
755327,blu_radio,https://www.bluradio.com/noticias/armenia,,armenia
755330,blu_radio,https://www.bluradio.com/noticias/arauca,,arauca
755332,blu_radio,https://www.bluradio.com/noticias/baranoa,,baranoa
755333,blu_radio,https://www.bluradio.com/noticias/bello,,bello
755334,blu_radio,https://www.bluradio.com/noticias/buga,,buga
755335,blu_radio,https://www.bluradio.com/noticias/calarca,,calarca
755336,blu_radio,https://www.bluradio.com/noticias/caldas,,caldas
755337,blu_radio,https://www.bluradio.com/noticias/carepa,,carepa
755338,blu_radio,https://www.bluradio.com/noticias/cartago,,cartago
755340,blu_radio,https://www.bluradio.com/noticias/chia,,chia
755343,blu_radio,https://www.bluradio.com/noticias/cienaga,,cienaga
755344,blu_radio,https://www.bluradio.com/noticias/cucuta,,cucuta
755346,blu_radio,https://www.bluradio.com/noticias/duitama,,duitama
755357,blu_radio,https://www.bluradio.com/noticias/funza,,funza
755360,blu_radio,https://www.bluradio.com/noticias/giron,,giron
755361,blu_radio,https://www.bluradio.com/noticias/ipiales,,ipiales
755362,blu_radio,https://www.bluradio.com/noticias/jamundi,,jamundi
755364,blu_radio,https://www.bluradio.com/noticias/lorica,,lorica
755365,blu_radio,https://www.bluradio.com/noticias/maicao,,maicao
755366,blu_radio,https://www.bluradio.com/noticias/malambo,,malambo
755367,blu_radio,https://www.bluradio.com/noticias/manaure,,manaure
755370,blu_radio,https://www.bluradio.com/noticias/mocoa,,mocoa
755374,blu_radio,https://www.bluradio.com/noticias/ocana,,ocana
755375,blu_radio,https://www.bluradio.com/noticias/palmira,,palmira
755377,blu_radio,https://www.bluradio.com/noticias/popayan,,popayan
755379,blu_radio,https://www.bluradio.com/noticias/quibdo,,quibdo
755386,blu_radio,https://www.bluradio.com/noticias/san-gil,,san-gil
755391,blu_radio,https://www.bluradio.com/noticias/soacha,,soacha
755393,blu_radio,https://www.bluradio.com/noticias/tibu,,tibu
755394,blu_radio,https://www.bluradio.com/noticias/tulua,,tulua
755395,blu_radio,https://www.bluradio.com/noticias/tunja,,tunja
755396,blu_radio,https://www.bluradio.com/noticias/turbo,,turbo
755397,blu_radio,https://www.bluradio.com/noticias/uribia,,uribia
755402,blu_radio,https://www.bluradio.com/noticias/neiva,,neiva
755403,blu_radio,https://www.bluradio.com/noticias/soledad,,soledad
755404,blu_radio,https://www.bluradio.com/noticias/bayer,,bayer
755407,blu_radio,https://www.bluradio.com/noticias/spacex,,spacex
755415,blu_radio,https://www.bluradio.com/noticias/sinovac,,sinovac
755419,blu_radio,https://www.bluradio.com/noticias/ozuna,,ozuna
755425,blu_radio,https://www.bluradio.com/noticias/la-red,,la-red
755434,blu_radio,https://www.bluradio.com/noticias/tigres,,tigres
755440,blu_radio,https://www.bluradio.com/noticias/rosalia,,rosalia
755450,blu_radio,https://www.bluradio.com/noticias/leeds,,leeds
755456,blu_radio,https://www.bluradio.com/noticias/suesca,,suesca
759204,blu_radio,https://www.bluradio.com/noticias/movii,,movii
759205,blu_radio,https://www.bluradio.com/noticias/eclipse,,eclipse
759210,blu_radio,https://www.bluradio.com/noticias/watford,,watford
759229,blu_radio,https://www.bluradio.com/noticias/ica,,ica
759233,blu_radio,https://www.bluradio.com/noticias/morat,,morat
759239,blu_radio,https://www.bluradio.com/noticias/hockey,,hockey
759245,blu_radio,https://www.bluradio.com/noticias/fenavi,,fenavi
759247,blu_radio,https://www.bluradio.com/noticias/tiroteo,,tiroteo
759255,blu_radio,https://www.bluradio.com/noticias/pepe,,pepe
763028,blu_radio,https://www.bluradio.com/noticias/la-voz,,la-voz
766701,blu_radio,https://www.bluradio.com/noticias/becas,,becas
766707,blu_radio,https://www.bluradio.com/noticias/cnco,,cnco
766713,blu_radio,https://www.bluradio.com/noticias/yumbo,,yumbo
766723,blu_radio,https://www.bluradio.com/noticias/acemi,,acemi
764481,blu_radio,https://www.bluradio.com/blu360/antioquia/vea-aqu,,vea-aqu
770258,blu_radio,https://www.bluradio.com/noticias/covid-19,,covid-19
770273,blu_radio,https://www.bluradio.com/noticias/rut,,rut
773820,blu_radio,https://www.bluradio.com/noticias/miami,,miami
773822,blu_radio,https://www.bluradio.com/noticias/haiti,,haiti
781800,blu_radio,https://www.bluradio.com/noticias/gaira,,gaira
781804,blu_radio,https://www.bluradio.com/noticias/la-14,,la-14
785818,blu_radio,https://www.bluradio.com/noticias/bogota,,bogota
785835,blu_radio,https://www.bluradio.com/noticias/necocli,,necocli
785823,blu_radio,https://www.bluradio.com/noticias/mahoma,,mahoma
785849,blu_radio,https://www.bluradio.com/noticias/alt,,alt
785840,blu_radio,https://www.bluradio.com/noticias/inirida,,inirida
785493,blu_radio,https://www.bluradio.com/sociedad/sexualidad/empresa,,empresa
789912,blu_radio,https://www.bluradio.com/noticias/cop26,,cop26
789918,blu_radio,https://www.bluradio.com/noticias/mallama,,mallama
789922,blu_radio,https://www.bluradio.com/noticias/merck,,merck
789926,blu_radio,https://www.bluradio.com/noticias/4-x-1000,,4-x-1000
789930,blu_radio,https://www.bluradio.com/noticias/nutresa,,nutresa
789933,blu_radio,https://www.bluradio.com/noticias/encanto,,encanto
797196,blu_radio,https://www.bluradio.com/noticias/cardi-b,,cardi-b
797200,blu_radio,https://www.bluradio.com/noticias/tris,,tris
800928,blu_radio,https://www.bluradio.com/noticias/donetsk,,donetsk
800929,blu_radio,https://www.bluradio.com/noticias/lugansk,,lugansk
804945,blu_radio,https://www.bluradio.com/noticias/pereira,,pereira
804956,blu_radio,https://www.bluradio.com/noticias/matamba,,matamba
804963,blu_radio,https://www.bluradio.com/noticias/biq,,biq
804964,blu_radio,https://www.bluradio.com/noticias/airbus,,airbus
808515,blu_radio,https://www.bluradio.com/noticias/aries,,aries
808516,blu_radio,https://www.bluradio.com/noticias/lotenal,,lotenal
812420,blu_radio,https://www.bluradio.com/noticias/cachira,,cachira
812432,blu_radio,https://www.bluradio.com/noticias/colanta,,colanta
816182,blu_radio,https://www.bluradio.com/noticias/bts,,bts
816183,blu_radio,https://www.bluradio.com/noticias/anserma,,anserma
816184,blu_radio,https://www.bluradio.com/noticias/k-pop,,k-pop
816190,blu_radio,https://www.bluradio.com/noticias/mineria,,mineria
816192,blu_radio,https://www.bluradio.com/noticias/blessd,,blessd
816166,blu_radio,https://www.bluradio.com/noticias/lalexpo,,lalexpo
819984,blu_radio,https://www.bluradio.com/noticias/drones,,drones
819995,blu_radio,https://www.bluradio.com/noticias/galaxia,,galaxia
819999,blu_radio,https://www.bluradio.com/noticias/andes,,andes
820008,blu_radio,https://www.bluradio.com/noticias/panela,,panela
820017,blu_radio,https://www.bluradio.com/noticias/gazprom,,gazprom
820019,blu_radio,https://www.bluradio.com/noticias/ajedrez,,ajedrez
820021,blu_radio,https://www.bluradio.com/noticias/guainia,,guainia
820024,blu_radio,https://www.bluradio.com/noticias/ctic,,ctic
820031,blu_radio,https://www.bluradio.com/noticias/fleteo,,fleteo
824038,blu_radio,https://www.bluradio.com/noticias/kosovo,,kosovo
824043,blu_radio,https://www.bluradio.com/noticias/idiomas,,idiomas
824046,blu_radio,https://www.bluradio.com/noticias/dc,,dc
824048,blu_radio,https://www.bluradio.com/noticias/batman,,batman
824066,blu_radio,https://www.bluradio.com/noticias/nubank,,nubank
824074,blu_radio,https://www.bluradio.com/noticias/ubate,,ubate
824081,blu_radio,https://www.bluradio.com/noticias/la-mesa,,la-mesa
824090,blu_radio,https://www.bluradio.com/noticias/euro,,euro
824092,blu_radio,https://www.bluradio.com/noticias/chocho,,chocho
824100,blu_radio,https://www.bluradio.com/noticias/indepaz,,indepaz
824103,blu_radio,https://www.bluradio.com/noticias/can,,can
824104,blu_radio,https://www.bluradio.com/noticias/helios,,helios
824115,blu_radio,https://www.bluradio.com/noticias/avenida-68,,avenida-68
20228,el_tiempo,https://www.eltiempo.com/justicia/cortes/cortes-255876,,cortes-255876
19060,el_tiempo,https://www.eltiempo.com/mundo/1-258674,,1-258674
18503,el_tiempo,https://www.eltiempo.com/mundo/europa/europa-259770,,europa-259770
17839,el_tiempo,https://www.eltiempo.com/mundo/1-261036,,1-261036
17367,el_tiempo,https://www.eltiempo.com/mundo/1-262122,,1-262122
26576,el_tiempo,https://www.eltiempo.com/economia/sectores/opinion-266218,,opinion-266218
24809,el_tiempo,https://www.eltiempo.com/vida/medio-ambiente/opinion-270264,,opinion-270264
31725,el_tiempo,https://www.eltiempo.com/mundo/europa/europa-279846,,europa-279846
38161,el_tiempo,https://www.eltiempo.com/justicia/servicios/opinion-289794,,opinion-289794
36144,el_tiempo,https://www.eltiempo.com/mundo/europa/europa-294462,,europa-294462
35039,el_tiempo,https://www.eltiempo.com/mundo/europa/europa-297236,,europa-297236
35055,el_tiempo,https://www.eltiempo.com/mundo/asia/asia-297024,,asia-297024
39016,el_tiempo,https://www.eltiempo.com/salud/salud-304150,,salud-304150
40538,el_tiempo,https://www.eltiempo.com/abc/antes-del-embarazo/bienestar/indice-de-masa-corporal-calcula-tu-peso-ideal-para-el-embarazo-abc/delbebe-15948,,delbebe-15948
40539,el_tiempo,https://www.eltiempo.com/abc/embarazo/primer-trimestre/calendario-de-embarazo-mira-tu-embarazo-semana-a-semana-abc/delbebe-15947,,delbebe-15947
40266,el_tiempo,https://www.eltiempo.com/justicia/cortes/opinion-319776,,opinion-319776
47678,el_tiempo,https://www.eltiempo.com/abc/nino/preescolar/gripa-14690,,gripa-14690
45100,el_tiempo,https://www.eltiempo.com/deportes/futbol-internacional/19-330794,,19-330794
53649,el_tiempo,https://www.eltiempo.com/opinion/mas-opinion/opinion-333652,,opinion-333652
51642,el_tiempo,https://www.eltiempo.com/salud/salud-333728,,salud-333728
51291,el_tiempo,https://www.eltiempo.com/justicia/delitos/opinion-338642,,opinion-338642
49705,el_tiempo,https://www.eltiempo.com/mundo/eeuu-y-canada/1-342478,,1-342478
57143,el_tiempo,https://www.eltiempo.com/justicia/cortes/opinion-346960,,opinion-346960
64067,el_tiempo,https://www.eltiempo.com/economia/opinion-356278,,opinion-356278
62615,el_tiempo,https://www.eltiempo.com/bogota/bogota-359644,,bogota-359644
58652,el_tiempo,https://www.eltiempo.com/salud/salud-368916,,salud-368916
69914,el_tiempo,https://www.eltiempo.com/vida/ciencia/ciencia-369918,,ciencia-369918
67835,el_tiempo,https://www.eltiempo.com/bogota/bogota-374684,,bogota-374684
67401,el_tiempo,https://www.eltiempo.com/familia/papas-8,,papas-8
66157,el_tiempo,https://www.eltiempo.com/don-juan/contenido-comercial/levis+articulo+16885943,,levis+articulo+16885943
65022,el_tiempo,https://www.eltiempo.com/salud/salud-380852,,salud-380852
65049,el_tiempo,https://www.eltiempo.com/tecnosfera/novedades-tecnologia/opinion-381096,,opinion-381096
65085,el_tiempo,https://www.eltiempo.com/don-juan/contenido-comercial/versace+video+16886058,,versace+video+16886058
75519,el_tiempo,https://www.eltiempo.com/vida/mujeres/mujeres-383466,,mujeres-383466
73910,el_tiempo,https://www.eltiempo.com/economia/opinion-387088,,opinion-387088
72992,el_tiempo,https://www.eltiempo.com/colombia/cali/colombia/cali-389226,,cali-389226
70820,el_tiempo,https://www.eltiempo.com/justicia/cortes/opinion-394256,,opinion-394256
78297,el_tiempo,https://www.eltiempo.com/vida/mujeres/mujeres-400224,,mujeres-400224
77684,el_tiempo,https://www.eltiempo.com/mundo/europa/europa-402260,,europa-402260
76765,el_tiempo,https://www.eltiempo.com/justicia/jep-colombia/opinion-404832,,opinion-404832
76583,el_tiempo,https://www.eltiempo.com/salud/salud-405034,,salud-405034
83390,el_tiempo,https://www.eltiempo.com/salud/salud-410394,,salud-410394
81891,el_tiempo,https://www.eltiempo.com/mundo/europa/europa-413606,,europa-413606
88677,el_tiempo,https://www.eltiempo.com/salud/salud-419974,,salud-419974
88586,el_tiempo,https://www.eltiempo.com/salud/salud-420218,,salud-420218
87739,el_tiempo,https://www.eltiempo.com/mundo/asia/asia-422466,,asia-422466
93233,el_tiempo,https://www.eltiempo.com/mundo/asia/asia-430280,,asia-430280
96985,el_tiempo,https://www.eltiempo.com/colombia/otras-ciudades/sida-440086,,sida-440086
100927,el_tiempo,https://www.eltiempo.com/cultura/musica-y-libros/o-449658,,o-449658
104722,el_tiempo,https://www.eltiempo.com/mundo/asia/asia-460400,,asia-460400
104562,el_tiempo,https://www.eltiempo.com/bogota/opinion-460924,,opinion-460924
102912,el_tiempo,https://www.eltiempo.com/mundo/asia/asia-464266,,asia-464266
102193,el_tiempo,https://www.eltiempo.com/bocas/bocas-466466,,bocas-466466
101805,el_tiempo,https://www.eltiempo.com/bocas/bocas-467310,,bocas-467310
115296,el_tiempo,https://www.eltiempo.com/bogota/bogota-481524,,bogota-481524
115123,el_tiempo,https://www.eltiempo.com/vida/medio-ambiente/opinion-480690,,opinion-480690
111868,el_tiempo,https://www.eltiempo.com/vida/medio-ambiente/opinion-489240,,opinion-489240
111986,el_tiempo,https://www.eltiempo.com/bogota/opinion-488874,,opinion-488874
120808,el_tiempo,https://www.eltiempo.com/justicia/cortes/opinion-491306,,opinion-491306
120869,el_tiempo,https://www.eltiempo.com/justicia/investigacion/opinion-491172,,opinion-491172
119453,el_tiempo,https://www.eltiempo.com/salud/salud-493690,,salud-493690
117593,el_tiempo,https://www.eltiempo.com/vida/medio-ambiente/opinion-498444,,opinion-498444
125195,el_tiempo,https://www.eltiempo.com/vida/ciencia/ciencia-503020,,ciencia-503020
123104,el_tiempo,https://www.eltiempo.com/mundo/asia/asia-507760,,asia-507760
127525,el_tiempo,https://www.eltiempo.com/cultura/musica-y-libros/one-day-521352,,one-day-521352
134450,el_tiempo,https://www.eltiempo.com/politica/gobierno/opinion-528736,,opinion-528736
133850,el_tiempo,https://www.eltiempo.com/politica/gobierno/opinion-530004,,opinion-530004
140981,el_tiempo,https://www.eltiempo.com/mundo/europa/europa-535647,,europa-535647
140982,el_tiempo,https://www.eltiempo.com/mundo/europa/europa-535469,,europa-535469
140105,el_tiempo,https://www.eltiempo.com/salud/salud-536584,,salud-536584
139596,el_tiempo,https://www.eltiempo.com/vida/medio-ambiente/opinion-536917,,opinion-536917
137676,el_tiempo,https://www.eltiempo.com/vida/ciencia/ciencia-539147,,ciencia-539147
137021,el_tiempo,https://www.eltiempo.com/mundo/europa/europa-540015,,europa-540015
145238,el_tiempo,https://www.eltiempo.com/mundo/africa/africa-542163,,africa-542163
145239,el_tiempo,https://www.eltiempo.com/vida/ciencia/ciencia-542165,,ciencia-542165
151043,el_tiempo,https://www.eltiempo.com/vida/medio-ambiente/opinion-547088,,opinion-547088
148842,el_tiempo,https://www.eltiempo.com/vida/medio-ambiente/opinion-549503,,opinion-549503
148406,el_tiempo,https://www.eltiempo.com/bogota/opinion-550036,,opinion-550036
148180,el_tiempo,https://www.eltiempo.com/bogota/opinion-550042,,opinion-550042
146527,el_tiempo,https://www.eltiempo.com/vida/ciencia/ciencia-552074,,ciencia-552074
155936,el_tiempo,https://www.eltiempo.com/vida/medio-ambiente/opinion-553460,,opinion-553460
154488,el_tiempo,https://www.eltiempo.com/vida/ciencia/ciencia-555009,,ciencia-555009
154027,el_tiempo,https://www.eltiempo.com/colombia/medellin/h-555546,,h-555546
153584,el_tiempo,https://www.eltiempo.com/mundo/europa/europa-555975,,europa-555975
153607,el_tiempo,https://www.eltiempo.com/mundo/europa/europa-554892,,europa-554892
153254,el_tiempo,https://www.eltiempo.com/cultura/gente/gente-556349,,gente-556349
152849,el_tiempo,https://www.eltiempo.com/mundo/europa/europa-556805,,europa-556805
151754,el_tiempo,https://www.eltiempo.com/mundo/europa/oxford-557794,,oxford-557794
151841,el_tiempo,https://www.eltiempo.com/mundo/latinoamerica/oxford-557885,,oxford-557885
414472,el_tiempo,https://www.eltiempo.com/bogota/opinion-560773,,opinion-560773
413386,el_tiempo,https://www.eltiempo.com/bogota/opinion-561977,,opinion-561977
413525,el_tiempo,https://www.eltiempo.com/bogota/opinion-561468,,opinion-561468
413112,el_tiempo,https://www.eltiempo.com/salud/salud-562239,,salud-562239
412166,el_tiempo,https://www.eltiempo.com/salud/salud-563218,,salud-563218
422588,el_tiempo,https://www.eltiempo.com/bogota/bogota-563870,,bogota-563870
421742,el_tiempo,https://www.eltiempo.com/bogota/opinion-564823,,opinion-564823
420951,el_tiempo,https://www.eltiempo.com/cultura/gente/gente-565649,,gente-565649
420402,el_tiempo,https://www.eltiempo.com/bogota/bogota-566277,,bogota-566277
419531,el_tiempo,https://www.eltiempo.com/vida/medio-ambiente/opinion-567125,,opinion-567125
419187,el_tiempo,https://www.eltiempo.com/bogota/bogota-567605,,bogota-567605
419191,el_tiempo,https://www.eltiempo.com/bogota/bogota-567601,,bogota-567601
418983,el_tiempo,https://www.eltiempo.com/bogota/bogota-567833,,bogota-567833
418434,el_tiempo,https://www.eltiempo.com/salud/salud-568430,,salud-568430
417559,el_tiempo,https://www.eltiempo.com/vida/ciencia/ciencia-569370,,ciencia-569370
417569,el_tiempo,https://www.eltiempo.com/bogota/bogota-569354,,bogota-569354
417253,el_tiempo,https://www.eltiempo.com/bogota/bogota-569715,,bogota-569715
429165,el_tiempo,https://www.eltiempo.com/bogota/bogota-570499,,bogota-570499
429166,el_tiempo,https://www.eltiempo.com/bogota/bogota-570498,,bogota-570498
429168,el_tiempo,https://www.eltiempo.com/bogota/bogota-570496,,bogota-570496
429257,el_tiempo,https://www.eltiempo.com/cultura/gente/gente-570209,,gente-570209
428793,el_tiempo,https://www.eltiempo.com/bogota/bogota-570931,,bogota-570931
428434,el_tiempo,https://www.eltiempo.com/bogota/bogota-571289,,bogota-571289
428450,el_tiempo,https://www.eltiempo.com/bogota/opinion-571268,,opinion-571268
427924,el_tiempo,https://www.eltiempo.com/bogota/bogota-571858,,bogota-571858
427763,el_tiempo,https://www.eltiempo.com/bogota/bogota-572041,,bogota-572041
427364,el_tiempo,https://www.eltiempo.com/bogota/bogota-572457,,bogota-572457
427467,el_tiempo,https://www.eltiempo.com/bogota/bogota-572343,,bogota-572343
427065,el_tiempo,https://www.eltiempo.com/bogota/opinion-572797,,opinion-572797
427223,el_tiempo,https://www.eltiempo.com/bogota/bogota-572621,,bogota-572621
426991,el_tiempo,https://www.eltiempo.com/bogota/bogota-572878,,bogota-572878
425932,el_tiempo,https://www.eltiempo.com/mundo/europa/europa-574026,,europa-574026
425641,el_tiempo,https://www.eltiempo.com/tecnosfera/apps/apps-574359,,apps-574359
424679,el_tiempo,https://www.eltiempo.com/mundo/mundo-574593,,mundo-574593
423125,el_tiempo,https://www.eltiempo.com/mundo/mexico/mexico-576884,,mexico-576884
436149,el_tiempo,https://www.eltiempo.com/cultura/gente/gente-577164,,gente-577164
434623,el_tiempo,https://www.eltiempo.com/vida/medio-ambiente/opinion-579829,,opinion-579829
433605,el_tiempo,https://www.eltiempo.com/cultura/musica-y-libros/dc-580762,,dc-580762
431661,el_tiempo,https://www.eltiempo.com/mundo/europa/europa-582762,,europa-582762
431851,el_tiempo,https://www.eltiempo.com/vida/medio-ambiente/opinion-582620,,opinion-582620
429803,el_tiempo,https://www.eltiempo.com/salud/salud-584750,,salud-584750
442719,el_tiempo,https://www.eltiempo.com/politica/congreso/round-585698,,round-585698
442376,el_tiempo,https://www.eltiempo.com/mundo/mexico/mexico-585845,,mexico-585845
441758,el_tiempo,https://www.eltiempo.com/mundo/europa/europa-585387,,europa-585387
441497,el_tiempo,https://www.eltiempo.com/vida/viajar/viajar-586983,,viajar-586983
441326,el_tiempo,https://www.eltiempo.com/mundo/europa/europa-587130,,europa-587130
439267,el_tiempo,https://www.eltiempo.com/vida/vida-588993,,vida-588993
437648,el_tiempo,https://www.eltiempo.com/mas-contenido/voca-591090,,voca-591090
449521,el_tiempo,https://www.eltiempo.com/vida/ciencia/ciencia-591847,,ciencia-591847
449523,el_tiempo,https://www.eltiempo.com/mundo/mexico/mexico-593161,,mexico-593161
448841,el_tiempo,https://www.eltiempo.com/mundo/europa/europa-593889,,europa-593889
448581,el_tiempo,https://www.eltiempo.com/mundo/mundo-594146,,mundo-594146
447362,el_tiempo,https://www.eltiempo.com/mundo/europa/europa-595283,,europa-595283
447197,el_tiempo,https://www.eltiempo.com/mundo/europa/europa-595186,,europa-595186
447022,el_tiempo,https://www.eltiempo.com/mundo/asia/asia-595861,,asia-595861
447037,el_tiempo,https://www.eltiempo.com/mundo/europa/europa-595820,,europa-595820
445447,el_tiempo,https://www.eltiempo.com/mundo/asia/asia-597192,,asia-597192
444973,el_tiempo,https://www.eltiempo.com/salud/salud-598075,,salud-598075
444464,el_tiempo,https://www.eltiempo.com/cultura/gente/gente-598357,,gente-598357
455615,el_tiempo,https://www.eltiempo.com/mundo/europa/europa-601343,,europa-601343
455036,el_tiempo,https://www.eltiempo.com/vida/ciencia/ciencia-601906,,ciencia-601906
454462,el_tiempo,https://www.eltiempo.com/vida/ciencia/ciencia-602171,,ciencia-602171
454463,el_tiempo,https://www.eltiempo.com/vida/ciencia/ciencia-602327,,ciencia-602327
451978,el_tiempo,https://www.eltiempo.com/salud/salud-605215,,salud-605215
451021,el_tiempo,https://www.eltiempo.com/vida/ciencia/ciencia-605695,,ciencia-605695
462027,el_tiempo,https://www.eltiempo.com/salud/salud-609107,,salud-609107
462028,el_tiempo,https://www.eltiempo.com/salud/salud-609131,,salud-609131
459449,el_tiempo,https://www.eltiempo.com/bogota/bogota-612021,,bogota-612021
458952,el_tiempo,https://www.eltiempo.com/mundo/asia/asia-612525,,asia-612525
469764,el_tiempo,https://www.eltiempo.com/vida/mujeres/mujeres-615602,,mujeres-615602
468526,el_tiempo,https://www.eltiempo.com/salud/salud-616983,,salud-616983
467826,el_tiempo,https://www.eltiempo.com/salud/salud-617615,,salud-617615
465542,el_tiempo,https://www.eltiempo.com/mundo/europa/europa-620200,,europa-620200
472753,el_tiempo,https://www.eltiempo.com/mundo/europa/europa-626946,,europa-626946
481119,el_tiempo,https://www.eltiempo.com/cultura/musica-y-libros/columna-631744,,columna-631744
486881,el_tiempo,https://www.eltiempo.com/deportes/futbol-internacional/2022-638582,,2022-638582
484347,el_tiempo,https://www.eltiempo.com/salud/salud-641432,,salud-641432
503904,el_tiempo,https://www.eltiempo.com/deportes/futbol-internacional/22-659204,,22-659204
503179,el_tiempo,https://www.eltiempo.com/mundo/europa/europa-659837,,europa-659837
503182,el_tiempo,https://www.eltiempo.com/mundo/europa/europa-659962,,europa-659962
513198,el_tiempo,https://www.eltiempo.com/salud/salud-662633,,salud-662633
507766,el_tiempo,https://www.eltiempo.com/cultura/perfil-667651,,perfil-667651
514429,el_tiempo,https://www.eltiempo.com/salud/salud-675946,,salud-675946
525853,el_tiempo,https://www.eltiempo.com/mundo/europa/europa-677899,,europa-677899
525209,el_tiempo,https://www.eltiempo.com/cultura/gastronomia/en-vivo-679378,,en-vivo-679378
521962,el_tiempo,https://www.eltiempo.com/cultura/cine-y-tv/4-682946,,4-682946
532888,el_tiempo,https://www.eltiempo.com/mundo/asia/asia-685807,,asia-685807
541028,el_tiempo,https://www.eltiempo.com/tecnosfera/novedades-tecnologia/opinion-691946,,opinion-691946
324633,la_republica,https://www.larepublica.co/analisis/carlos-ronderos-533356/equidad-2759418,,equidad-2759418
332768,la_republica,https://www.larepublica.co/analisis/maria-claudia-lacouture-402341/fontur-2-0-2800725,,fontur-2-0-2800725
333904,la_republica,https://www.larepublica.co/analisis/eduardo-verano-de-la-rosa-500119/focus-2815912,,focus-2815912
335140,la_republica,https://www.larepublica.co/analisis/guillermo-caez-gomez-500127/fracaso-2833686,,fracaso-2833686
342506,la_republica,https://www.larepublica.co/analisis/alberto-samuel-yohai-400055/alianza-80-180-2873756,,alianza-80-180-2873756
345657,la_republica,https://www.larepublica.co/analisis/pascal-rohner-515246/s-p-3000-2884293,,s-p-3000-2884293
345769,la_republica,https://www.larepublica.co/analisis/carlos-ronderos-533356/pobreza-2885104,,pobreza-2885104
345825,la_republica,https://www.larepublica.co/analisis/guillermo-trujillo-estrada-505837/ley-1969-2887672,,ley-1969-2887672
348011,la_republica,https://www.larepublica.co/analisis/carlos-ronderos-533356/1984-2895545,,1984-2895545
346653,la_republica,https://www.larepublica.co/analisis/eduardo-verano-de-la-rosa-500119/galan-2898478,,galan-2898478
349608,la_republica,https://www.larepublica.co/analisis/jorge-hernan-pelaez-500047/andicom-2019-2905045,,andicom-2019-2905045
348882,la_republica,https://www.larepublica.co/analisis/luis-guillermo-velez-cabrera-402232/dolar-a-5-000-2909509,,dolar-a-5-000-2909509
351381,la_republica,https://www.larepublica.co/analisis/carlos-ronderos-533356/brexit-2923433,,brexit-2923433
352246,la_republica,https://www.larepublica.co/analisis/brigitte-baptiste-506149/retail-2936211,,retail-2936211
354016,la_republica,https://www.larepublica.co/analisis/carlos-ronderos-533356/2019-2945076,,2019-2945076
354115,la_republica,https://www.larepublica.co/analisis/alejandro-ramirez-vigoya-2532017/odeps-2945805,,odeps-2945805
355646,la_republica,https://www.larepublica.co/analisis/ignacio-iglesias-lozano-2561915/2020-2952365,,2020-2952365
359642,la_republica,https://www.larepublica.co/analisis/maria-claudia-lacouture-402341/yo-voy-2974100,,yo-voy-2974100
359268,la_republica,https://www.larepublica.co/analisis/andres-otero-leongomez-2834704/gattaca-2983315,,gattaca-2983315
363376,la_republica,https://www.larepublica.co/analisis/maria-claudia-lacouture-402341/100-semanas-3009595,,100-semanas-3009595
365712,la_republica,https://www.larepublica.co/analisis/sandra-fonseca-507796/desazon-3020755,,desazon-3020755
365131,la_republica,https://www.larepublica.co/analisis/harry-giovanny-gonzalez-garcia-2985487/chucho-3022471,,chucho-3022471
367108,la_republica,https://www.larepublica.co/analisis/luis-guillermo-velez-cabrera-402232/antifa-3024873,,antifa-3024873
367181,la_republica,https://www.larepublica.co/analisis/eduardo-verano-de-la-rosa-500119/obregon-3025445,,obregon-3025445
367023,la_republica,https://www.larepublica.co/analisis/luis-felipe-gomez-restrepo-2524772/90-mas-50-3036867,,90-mas-50-3036867
368661,la_republica,https://www.larepublica.co/analisis/econometria-consultores-2889073/curva-v-3042331,,curva-v-3042331
369146,la_republica,https://www.larepublica.co/analisis/sergio-fajardo-3044966/epm-3044964,,epm-3044964
370404,la_republica,https://www.larepublica.co/analisis/catalina-ortiz-400501/tribuga-3060162,,tribuga-3060162
373246,la_republica,https://www.larepublica.co/analisis/luis-guillermo-velez-cabrera-402232/2022-es-ya-3080877,,2022-es-ya-3080877
373475,la_republica,https://www.larepublica.co/analisis/aldo-civico-2765870/estado-interior-3082771,,estado-interior-3082771
375202,la_republica,https://www.larepublica.co/analisis/simon-gaviria-munoz-401830/trump-2024-3090033,,trump-2024-3090033
375081,la_republica,https://www.larepublica.co/analisis/luis-fernando-vargas-alzate-536071/la-care-3092572,,la-care-3092572
374599,la_republica,https://www.larepublica.co/analisis/augusto-solano-mejia-400295/vision-2050-3094950,,vision-2050-3094950
893347,la_republica,https://www.larepublica.co/analisis/jose-ignacio-lopez-2780651/bitcoin-3130851,,bitcoin-3130851
895268,la_republica,https://www.larepublica.co/analisis/axel-kaiser-2911084/caos-3134100,,caos-3134100
894842,la_republica,https://www.larepublica.co/analisis/sergio-mutis-caballero-500033/pobreza-3141518,,pobreza-3141518
897352,la_republica,https://www.larepublica.co/analisis/jonathan-malagon-2590707/record-3156008,,record-3156008
898371,la_republica,https://www.larepublica.co/analisis/andres-caro-3103054/100-dias-3161836,,100-dias-3161836
900512,la_republica,https://www.larepublica.co/analisis/carlos-ronderos-533356/riesgos-3163481,,riesgos-3163481
899594,la_republica,https://www.larepublica.co/analisis/eric-tremolada-506119/deja-vu-3169208,,deja-vu-3169208
902993,la_republica,https://www.larepublica.co/analisis/jose-ignacio-lopez-2780651/pais-bb-3186041,,pais-bb-3186041
905820,la_republica,https://www.larepublica.co/analisis/juan-alberto-londono-martinez-3185396/cinicos-3204814,,cinicos-3204814
907328,la_republica,https://www.larepublica.co/analisis/simon-gaviria-munoz-401830/dolar-a-4-000-3210707,,dolar-a-4-000-3210707
907647,la_republica,https://www.larepublica.co/globoeconomia/unidos-3219416,,unidos-3219416
908682,la_republica,https://www.larepublica.co/analisis/carlos-ronderos-533356/9-11-3235449,,9-11-3235449
909886,la_republica,https://www.larepublica.co/economia/1-702-3237875,,1-702-3237875
911048,la_republica,https://www.larepublica.co/analisis/julian-arevalo-2721470/glasgow-3240594,,glasgow-3240594
913108,la_republica,https://www.larepublica.co/analisis/luis-guillermo-velez-cabrera-402232/no-y-no-3255946,,no-y-no-3255946
911989,la_republica,https://www.larepublica.co/analisis/alejandro-vera-sandoval-3066627/atajos-3258955,,atajos-3258955
914200,la_republica,https://www.larepublica.co/analisis/carlos-ronderos-533356/heroes-3273202,,heroes-3273202
914251,la_republica,https://www.larepublica.co/analisis/ariel-bacal-3018015/a-gozar-3278748,,a-gozar-3278748
916464,la_republica,https://www.larepublica.co/analisis/fabiano-matos-3197360/mujeres-4-0-3299291,,mujeres-4-0-3299291
917085,la_republica,https://www.larepublica.co/analisis/guillermo-trujillo-estrada-505837/conpes-4052-3307748,,conpes-4052-3307748
921635,la_republica,https://www.larepublica.co/analisis/carlos-ronderos-533356/africa-3350218,,africa-3350218
923247,la_republica,https://www.larepublica.co/analisis/andres-otero-leongomez-2834704/deja-vu-3366285,,deja-vu-3366285
923413,la_republica,https://www.larepublica.co/analisis/javier-villamizar-500031/wagmi-3367921,,wagmi-3367921
924903,la_republica,https://www.larepublica.co/analisis/maritza-aristizabal-quintero-2969657/2022-2026-3388560,,2022-2026-3388560
927445,la_republica,https://www.larepublica.co/analisis/alejandro-ramirez-vigoya-2532017/remesas-3408788,,remesas-3408788
161299,noticias_caracol,https://www.noticiascaracol.com/noticias/angola,,angola
161310,noticias_caracol,https://www.noticiascaracol.com/noticias/fenavi,,fenavi
161312,noticias_caracol,https://www.noticiascaracol.com/noticias/guyana,,guyana
163616,noticias_caracol,https://www.noticiascaracol.com/noticias/benin,,benin
163617,noticias_caracol,https://www.noticiascaracol.com/noticias/ghana,,ghana
163625,noticias_caracol,https://www.noticiascaracol.com/noticias/tonga,,tonga
165815,noticias_caracol,https://www.noticiascaracol.com/noticias/asjabad,,asjabad
165819,noticias_caracol,https://www.noticiascaracol.com/noticias/camerun,,camerun
165824,noticias_caracol,https://www.noticiascaracol.com/noticias/namibia,,namibia
167980,noticias_caracol,https://www.noticiascaracol.com/noticias/ankara,,ankara
167989,noticias_caracol,https://www.noticiascaracol.com/noticias/estonia,,estonia
167993,noticias_caracol,https://www.noticiascaracol.com/noticias/lisboa,,lisboa
167996,noticias_caracol,https://www.noticiascaracol.com/noticias/minsk,,minsk
168000,noticias_caracol,https://www.noticiascaracol.com/noticias/riad,,riad
170165,noticias_caracol,https://www.noticiascaracol.com/noticias/dakar,,dakar
170170,noticias_caracol,https://www.noticiascaracol.com/noticias/gigi-wu,,gigi-wu
172299,noticias_caracol,https://www.noticiascaracol.com/noticias/bitcoin,,bitcoin
174457,noticias_caracol,https://www.noticiascaracol.com/noticias/barein,,barein
174461,noticias_caracol,https://www.noticiascaracol.com/noticias/butan,,butan
174465,noticias_caracol,https://www.noticiascaracol.com/noticias/gabon,,gabon
174474,noticias_caracol,https://www.noticiascaracol.com/noticias/nairobi,,nairobi
176534,noticias_caracol,https://www.noticiascaracol.com/noticias/fonade,,fonade
176541,noticias_caracol,https://www.noticiascaracol.com/noticias/tripoli,,tripoli
178582,noticias_caracol,https://www.noticiascaracol.com/noticias/doha,,doha
178587,noticias_caracol,https://www.noticiascaracol.com/noticias/myanmar,,myanmar
178588,noticias_caracol,https://www.noticiascaracol.com/noticias/oman,,oman
180368,noticias_caracol,https://www.noticiascaracol.com/noticias/camboya,,camboya
180374,noticias_caracol,https://www.noticiascaracol.com/noticias/kuwait,,kuwait
180386,noticias_caracol,https://www.noticiascaracol.com/noticias/oslo,,oslo
180389,noticias_caracol,https://www.noticiascaracol.com/noticias/pekin,,pekin
182318,noticias_caracol,https://www.noticiascaracol.com/noticias/asbesto,,asbesto
184224,noticias_caracol,https://www.noticiascaracol.com/noticias/atlanta,,atlanta
184237,noticias_caracol,https://www.noticiascaracol.com/noticias/granada,,granada
184248,noticias_caracol,https://www.noticiascaracol.com/noticias/yakarta,,yakarta
186114,noticias_caracol,https://www.noticiascaracol.com/noticias/inirida,,inirida
186116,noticias_caracol,https://www.noticiascaracol.com/noticias/liberia,,liberia
186131,noticias_caracol,https://www.noticiascaracol.com/noticias/yemen,,yemen
188222,noticias_caracol,https://www.noticiascaracol.com/noticias/bahamas,,bahamas
188227,noticias_caracol,https://www.noticiascaracol.com/noticias/eritrea,,eritrea
188235,noticias_caracol,https://www.noticiascaracol.com/noticias/malta,,malta
188236,noticias_caracol,https://www.noticiascaracol.com/noticias/moscu,,moscu
188244,noticias_caracol,https://www.noticiascaracol.com/noticias/sisben,,sisben
190112,noticias_caracol,https://www.noticiascaracol.com/noticias/albania,,albania
190116,noticias_caracol,https://www.noticiascaracol.com/noticias/bangkok,,bangkok
190119,noticias_caracol,https://www.noticiascaracol.com/noticias/chelsea,,chelsea
190121,noticias_caracol,https://www.noticiascaracol.com/noticias/daca,,daca
190125,noticias_caracol,https://www.noticiascaracol.com/noticias/hackers,,hackers
190130,noticias_caracol,https://www.noticiascaracol.com/noticias/kabul,,kabul
190131,noticias_caracol,https://www.noticiascaracol.com/noticias/la-paz,,la-paz
190146,noticias_caracol,https://www.noticiascaracol.com/noticias/uganda,,uganda
190148,noticias_caracol,https://www.noticiascaracol.com/noticias/viena,,viena
192040,noticias_caracol,https://www.noticiascaracol.com/noticias/acdac,,acdac
192049,noticias_caracol,https://www.noticiascaracol.com/noticias/catar,,catar
192054,noticias_caracol,https://www.noticiascaracol.com/noticias/gatos,,gatos
192064,noticias_caracol,https://www.noticiascaracol.com/noticias/monaco,,monaco
192083,noticias_caracol,https://www.noticiascaracol.com/noticias/samoa,,samoa
192085,noticias_caracol,https://www.noticiascaracol.com/noticias/serbia,,serbia
192087,noticias_caracol,https://www.noticiascaracol.com/noticias/somalia,,somalia
192091,noticias_caracol,https://www.noticiascaracol.com/noticias/tunez,,tunez
193961,noticias_caracol,https://www.noticiascaracol.com/noticias/amazon,,amazon
193963,noticias_caracol,https://www.noticiascaracol.com/noticias/bagdad,,bagdad
193975,noticias_caracol,https://www.noticiascaracol.com/noticias/etiopia,,etiopia
193980,noticias_caracol,https://www.noticiascaracol.com/noticias/georgia,,georgia
193984,noticias_caracol,https://www.noticiascaracol.com/noticias/libia,,libia
193987,noticias_caracol,https://www.noticiascaracol.com/noticias/marvel,,marvel
193993,noticias_caracol,https://www.noticiascaracol.com/noticias/nepal,,nepal
193995,noticias_caracol,https://www.noticiascaracol.com/noticias/pirry,,pirry
193997,noticias_caracol,https://www.noticiascaracol.com/noticias/robots,,robots
193998,noticias_caracol,https://www.noticiascaracol.com/noticias/roma,,roma
194001,noticias_caracol,https://www.noticiascaracol.com/noticias/teheran,,teheran
195875,noticias_caracol,https://www.noticiascaracol.com/noticias/arizona,,arizona
195879,noticias_caracol,https://www.noticiascaracol.com/noticias/berlin,,berlin
195882,noticias_caracol,https://www.noticiascaracol.com/noticias/caracas,,caracas
195888,noticias_caracol,https://www.noticiascaracol.com/noticias/didi,,didi
195889,noticias_caracol,https://www.noticiascaracol.com/noticias/dimayor,,dimayor
195898,noticias_caracol,https://www.noticiascaracol.com/noticias/gamers,,gamers
195900,noticias_caracol,https://www.noticiascaracol.com/noticias/google,,google
195905,noticias_caracol,https://www.noticiascaracol.com/noticias/legarda,,legarda
195906,noticias_caracol,https://www.noticiascaracol.com/noticias/lesoto,,lesoto
195907,noticias_caracol,https://www.noticiascaracol.com/noticias/lgbti,,lgbti
195908,noticias_caracol,https://www.noticiascaracol.com/noticias/malasia,,malasia
195924,noticias_caracol,https://www.noticiascaracol.com/noticias/paris,,paris
195936,noticias_caracol,https://www.noticiascaracol.com/noticias/series-web,,series-web
198089,noticias_caracol,https://www.noticiascaracol.com/noticias/avianca,,avianca
198113,noticias_caracol,https://www.noticiascaracol.com/noticias/guinea,,guinea
198116,noticias_caracol,https://www.noticiascaracol.com/noticias/iran,,iran
198127,noticias_caracol,https://www.noticiascaracol.com/noticias/madrid,,madrid
198128,noticias_caracol,https://www.noticiascaracol.com/noticias/manila,,manila
198152,noticias_caracol,https://www.noticiascaracol.com/noticias/rappi,,rappi
198153,noticias_caracol,https://www.noticiascaracol.com/noticias/reykon,,reykon
198159,noticias_caracol,https://www.noticiascaracol.com/noticias/siria,,siria
198165,noticias_caracol,https://www.noticiascaracol.com/noticias/vichada,,vichada
198167,noticias_caracol,https://www.noticiascaracol.com/noticias/xbox,,xbox
200215,noticias_caracol,https://www.noticiascaracol.com/noticias/andi,,andi
200220,noticias_caracol,https://www.noticiascaracol.com/noticias/argelia,,argelia
200227,noticias_caracol,https://www.noticiascaracol.com/noticias/choco,,choco
200243,noticias_caracol,https://www.noticiascaracol.com/noticias/farina,,farina
200252,noticias_caracol,https://www.noticiascaracol.com/noticias/huila,,huila
200254,noticias_caracol,https://www.noticiascaracol.com/noticias/india,,india
200264,noticias_caracol,https://www.noticiascaracol.com/noticias/kenia,,kenia
200265,noticias_caracol,https://www.noticiascaracol.com/noticias/kiev,,kiev
200268,noticias_caracol,https://www.noticiascaracol.com/noticias/londres,,londres
200299,noticias_caracol,https://www.noticiascaracol.com/noticias/nigeria,,nigeria
200304,noticias_caracol,https://www.noticiascaracol.com/noticias/piso-21,,piso-21
200314,noticias_caracol,https://www.noticiascaracol.com/noticias/shakira,,shakira
200320,noticias_caracol,https://www.noticiascaracol.com/noticias/surinam,,surinam
200325,noticias_caracol,https://www.noticiascaracol.com/noticias/tokio,,tokio
200332,noticias_caracol,https://www.noticiascaracol.com/noticias/vietnam,,vietnam
203485,noticias_caracol,https://www.noticiascaracol.com/noticias/proceso-8000,,proceso-8000
203486,noticias_caracol,https://www.noticiascaracol.com/noticias/reinas,,reinas
203498,noticias_caracol,https://www.noticiascaracol.com/noticias/gabo,,gabo
203508,noticias_caracol,https://www.noticiascaracol.com/noticias/sitp,,sitp
203510,noticias_caracol,https://www.noticiascaracol.com/noticias/tolima,,tolima
203521,noticias_caracol,https://www.noticiascaracol.com/noticias/austria,,austria
203523,noticias_caracol,https://www.noticiascaracol.com/noticias/belgica,,belgica
203525,noticias_caracol,https://www.noticiascaracol.com/noticias/bolivia,,bolivia
203527,noticias_caracol,https://www.noticiascaracol.com/noticias/canada,,canada
203531,noticias_caracol,https://www.noticiascaracol.com/noticias/china,,china
203542,noticias_caracol,https://www.noticiascaracol.com/noticias/covid-19,,covid-19
203543,noticias_caracol,https://www.noticiascaracol.com/noticias/croacia,,croacia
203544,noticias_caracol,https://www.noticiascaracol.com/noticias/cuba,,cuba
203551,noticias_caracol,https://www.noticiascaracol.com/noticias/espana,,espana
203556,noticias_caracol,https://www.noticiascaracol.com/noticias/francia,,francia
203558,noticias_caracol,https://www.noticiascaracol.com/noticias/grecia,,grecia
203565,noticias_caracol,https://www.noticiascaracol.com/noticias/hungria,,hungria
203567,noticias_caracol,https://www.noticiascaracol.com/noticias/icbf,,icbf
203568,noticias_caracol,https://www.noticiascaracol.com/noticias/irlanda,,irlanda
203569,noticias_caracol,https://www.noticiascaracol.com/noticias/italia,,italia
203571,noticias_caracol,https://www.noticiascaracol.com/noticias/jamaica,,jamaica
203572,noticias_caracol,https://www.noticiascaracol.com/noticias/japon,,japon
203576,noticias_caracol,https://www.noticiascaracol.com/noticias/leticia,,leticia
203584,noticias_caracol,https://www.noticiascaracol.com/noticias/mitu,,mitu
203587,noticias_caracol,https://www.noticiascaracol.com/noticias/noruega,,noruega
203589,noticias_caracol,https://www.noticiascaracol.com/noticias/ovnis,,ovnis
203596,noticias_caracol,https://www.noticiascaracol.com/noticias/peru,,peru
203597,noticias_caracol,https://www.noticiascaracol.com/noticias/polonia,,polonia
203603,noticias_caracol,https://www.noticiascaracol.com/noticias/rumania,,rumania
203604,noticias_caracol,https://www.noticiascaracol.com/noticias/rusia,,rusia
203606,noticias_caracol,https://www.noticiascaracol.com/noticias/suecia,,suecia
203607,noticias_caracol,https://www.noticiascaracol.com/noticias/suiza,,suiza
203609,noticias_caracol,https://www.noticiascaracol.com/noticias/turquia,,turquia
203610,noticias_caracol,https://www.noticiascaracol.com/noticias/uruguay,,uruguay
203650,noticias_caracol,https://www.noticiascaracol.com/noticias/apia,,apia
203703,noticias_caracol,https://www.noticiascaracol.com/noticias/burundi,,burundi
203744,noticias_caracol,https://www.noticiascaracol.com/noticias/el-mio,,el-mio
203804,noticias_caracol,https://www.noticiascaracol.com/noticias/mali,,mali
203816,noticias_caracol,https://www.noticiascaracol.com/noticias/medimas,,medimas
204633,noticias_caracol,https://www.noticiascaracol.com/noticias/niquia,,niquia
204715,noticias_caracol,https://www.noticiascaracol.com/noticias/tachira,,tachira
204717,noticias_caracol,https://www.noticiascaracol.com/noticias/taiwan,,taiwan
204732,noticias_caracol,https://www.noticiascaracol.com/noticias/tuvalu,,tuvalu
204770,noticias_caracol,https://www.noticiascaracol.com/noticias/holanda,,holanda
204782,noticias_caracol,https://www.noticiascaracol.com/noticias/icetex,,icetex
204800,noticias_caracol,https://www.noticiascaracol.com/noticias/meta,,meta
204802,noticias_caracol,https://www.noticiascaracol.com/noticias/eln,,eln
204808,noticias_caracol,https://www.noticiascaracol.com/noticias/auc,,auc
204810,noticias_caracol,https://www.noticiascaracol.com/noticias/comics,,comics
204815,noticias_caracol,https://www.noticiascaracol.com/noticias/boxeo,,boxeo
204821,noticias_caracol,https://www.noticiascaracol.com/noticias/queen,,queen
204831,noticias_caracol,https://www.noticiascaracol.com/noticias/vaupes,,vaupes
204838,noticias_caracol,https://www.noticiascaracol.com/noticias/jep,,jep
204843,noticias_caracol,https://www.noticiascaracol.com/noticias/dane,,dane
204845,noticias_caracol,https://www.noticiascaracol.com/deportes/futbol,,futbol
203614,noticias_caracol,https://www.noticiascaracol.com/noticias/accra,,accra
203628,noticias_caracol,https://www.noticiascaracol.com/noticias/amman,,amman
203651,noticias_caracol,https://www.noticiascaracol.com/noticias/argel,,argel
203655,noticias_caracol,https://www.noticiascaracol.com/noticias/asmara,,asmara
203659,noticias_caracol,https://www.noticiascaracol.com/noticias/baku,,baku
203660,noticias_caracol,https://www.noticiascaracol.com/noticias/bamako,,bamako
203662,noticias_caracol,https://www.noticiascaracol.com/noticias/bangui,,bangui
203663,noticias_caracol,https://www.noticiascaracol.com/noticias/banjul,,banjul
203697,noticias_caracol,https://www.noticiascaracol.com/noticias/berna,,berna
203698,noticias_caracol,https://www.noticiascaracol.com/noticias/bissau,,bissau
203702,noticias_caracol,https://www.noticiascaracol.com/noticias/brunei,,brunei
203728,noticias_caracol,https://www.noticiascaracol.com/noticias/comoras,,comoras
203731,noticias_caracol,https://www.noticiascaracol.com/noticias/conakry,,conakry
203738,noticias_caracol,https://www.noticiascaracol.com/noticias/dili,,dili
203739,noticias_caracol,https://www.noticiascaracol.com/noticias/dodoma,,dodoma
203740,noticias_caracol,https://www.noticiascaracol.com/noticias/dusambe,,dusambe
203748,noticias_caracol,https://www.noticiascaracol.com/noticias/erevan,,erevan
203766,noticias_caracol,https://www.noticiascaracol.com/noticias/hanoi,,hanoi
203767,noticias_caracol,https://www.noticiascaracol.com/noticias/harare,,harare
203770,noticias_caracol,https://www.noticiascaracol.com/noticias/honiara,,honiara
203777,noticias_caracol,https://www.noticiascaracol.com/noticias/jartum,,jartum
203785,noticias_caracol,https://www.noticiascaracol.com/noticias/kampala,,kampala
203787,noticias_caracol,https://www.noticiascaracol.com/noticias/kigali,,kigali
203797,noticias_caracol,https://www.noticiascaracol.com/noticias/lome,,lome
203798,noticias_caracol,https://www.noticiascaracol.com/noticias/luanda,,luanda
203800,noticias_caracol,https://www.noticiascaracol.com/noticias/lusaka,,lusaka
203801,noticias_caracol,https://www.noticiascaracol.com/noticias/majuro,,majuro
203802,noticias_caracol,https://www.noticiascaracol.com/noticias/malabo,,malabo
203806,noticias_caracol,https://www.noticiascaracol.com/noticias/male,,male
203807,noticias_caracol,https://www.noticiascaracol.com/noticias/manama,,manama
203813,noticias_caracol,https://www.noticiascaracol.com/noticias/maseru,,maseru
203815,noticias_caracol,https://www.noticiascaracol.com/noticias/mbabane,,mbabane
203827,noticias_caracol,https://www.noticiascaracol.com/noticias/moroni,,moroni
204627,noticias_caracol,https://www.noticiascaracol.com/noticias/nassau,,nassau
204628,noticias_caracol,https://www.noticiascaracol.com/noticias/nauru,,nauru
204631,noticias_caracol,https://www.noticiascaracol.com/noticias/niamey,,niamey
204632,noticias_caracol,https://www.noticiascaracol.com/noticias/nicosia,,nicosia
204643,noticias_caracol,https://www.noticiascaracol.com/noticias/palaos,,palaos
204644,noticias_caracol,https://www.noticiascaracol.com/noticias/palikir,,palikir
204663,noticias_caracol,https://www.noticiascaracol.com/noticias/praia,,praia
204678,noticias_caracol,https://www.noticiascaracol.com/noticias/riga,,riga
204690,noticias_caracol,https://www.noticiascaracol.com/noticias/roseau,,roseau
204708,noticias_caracol,https://www.noticiascaracol.com/noticias/skopje,,skopje
204716,noticias_caracol,https://www.noticiascaracol.com/noticias/taipeh,,taipeh
204718,noticias_caracol,https://www.noticiascaracol.com/noticias/tallin,,tallin
204719,noticias_caracol,https://www.noticiascaracol.com/noticias/tarawa,,tarawa
204723,noticias_caracol,https://www.noticiascaracol.com/noticias/timbu,,timbu
204725,noticias_caracol,https://www.noticiascaracol.com/noticias/tirana,,tirana
204740,noticias_caracol,https://www.noticiascaracol.com/noticias/vaduz,,vaduz
204745,noticias_caracol,https://www.noticiascaracol.com/noticias/vilna,,vilna
204753,noticias_caracol,https://www.noticiascaracol.com/noticias/yamena,,yamena
204756,noticias_caracol,https://www.noticiascaracol.com/noticias/yaren,,yaren
204757,noticias_caracol,https://www.noticiascaracol.com/noticias/yaunde,,yaunde
204760,noticias_caracol,https://www.noticiascaracol.com/noticias/yuba,,yuba
204762,noticias_caracol,https://www.noticiascaracol.com/noticias/zagreb,,zagreb
208999,noticias_caracol,https://www.noticiascaracol.com/noticias/panama,,panama
209013,noticias_caracol,https://www.noticiascaracol.com/noticias/juanes,,juanes
213497,noticias_caracol,https://www.noticiascaracol.com/noticias/karol-g,,karol-g
213515,noticias_caracol,https://www.noticiascaracol.com/noticias/k-pop,,k-pop
213517,noticias_caracol,https://www.noticiascaracol.com/noticias/m-19,,m-19
213518,noticias_caracol,https://www.noticiascaracol.com/noticias/iva,,iva
217469,noticias_caracol,https://www.noticiascaracol.com/noticias/us-open,,us-open
217480,noticias_caracol,https://www.noticiascaracol.com/colombia/bogota,,bogota
217483,noticias_caracol,https://www.noticiascaracol.com/salud,,salud
221515,noticias_caracol,https://www.noticiascaracol.com/noticias/chile,,chile
221516,noticias_caracol,https://www.noticiascaracol.com/noticias/ecuador,,ecuador
221518,noticias_caracol,https://www.noticiascaracol.com/noticias/mexico,,mexico
221527,noticias_caracol,https://www.noticiascaracol.com/noticias/sony,,sony
224938,noticias_caracol,https://www.noticiascaracol.com/noticias/sena,,sena
224940,noticias_caracol,https://www.noticiascaracol.com/noticias/uber,,uber
224945,noticias_caracol,https://www.noticiascaracol.com/noticias/quino,,quino
224948,noticias_caracol,https://www.noticiascaracol.com/noticias/evaluna,,evaluna
224949,noticias_caracol,https://www.noticiascaracol.com/noticias/vih,,vih
224952,noticias_caracol,https://www.noticiascaracol.com/noticias/caldas,,caldas
224954,noticias_caracol,https://www.noticiascaracol.com/noticias/guainia,,guainia
224956,noticias_caracol,https://www.noticiascaracol.com/noticias/cesar,,cesar
224959,noticias_caracol,https://www.noticiascaracol.com/noticias/onu,,onu
226608,noticias_caracol,https://www.noticiascaracol.com/el-proyecto-es-colombia-camino-a-la-cop16/salud,,salud
226612,noticias_caracol,https://www.noticiascaracol.com/el-proyecto-es-colombia-camino-a-la-cop16/empleo,,empleo
226614,noticias_caracol,https://www.noticiascaracol.com/el-proyecto-es-colombia-camino-a-la-cop16/ciencia,,ciencia
226631,noticias_caracol,https://www.noticiascaracol.com/el-proyecto-es-colombia-camino-a-la-cop16/turismo,,turismo
226877,noticias_caracol,https://www.noticiascaracol.com/el-proyecto-es-colombia-camino-a-la-cop16/personajes/fonseca,,fonseca
227099,noticias_caracol,https://www.noticiascaracol.com/noticias/pele,,pele
227100,noticias_caracol,https://www.noticiascaracol.com/noticias/empleo,,empleo
228990,noticias_caracol,https://www.noticiascaracol.com/noticias/maluma,,maluma
228991,noticias_caracol,https://www.noticiascaracol.com/noticias/sida,,sida
228997,noticias_caracol,https://www.noticiascaracol.com/noticias/navidad,,navidad
677946,noticias_caracol,https://www.noticiascaracol.com/noticias/brasil,,brasil
679945,noticias_caracol,https://www.noticiascaracol.com/noticias/arauca,,arauca
679946,noticias_caracol,https://www.noticiascaracol.com/noticias/armenia,,armenia
679950,noticias_caracol,https://www.noticiascaracol.com/noticias/cali,,cali
679952,noticias_caracol,https://www.noticiascaracol.com/noticias/cucuta,,cucuta
679955,noticias_caracol,https://www.noticiascaracol.com/noticias/ibague,,ibague
679956,noticias_caracol,https://www.noticiascaracol.com/noticias/ipiales,,ipiales
679989,noticias_caracol,https://www.noticiascaracol.com/noticias/neiva,,neiva
679990,noticias_caracol,https://www.noticiascaracol.com/noticias/pasto,,pasto
679991,noticias_caracol,https://www.noticiascaracol.com/noticias/pereira,,pereira
679992,noticias_caracol,https://www.noticiascaracol.com/noticias/popayan,,popayan
679993,noticias_caracol,https://www.noticiascaracol.com/noticias/quibdo,,quibdo
679998,noticias_caracol,https://www.noticiascaracol.com/noticias/tunja,,tunja
680001,noticias_caracol,https://www.noticiascaracol.com/noticias/astana,,astana
682175,noticias_caracol,https://www.noticiascaracol.com/noticias/bogota,,bogota
682180,noticias_caracol,https://www.noticiascaracol.com/noticias/estafas,,estafas
682182,noticias_caracol,https://www.noticiascaracol.com/noticias/quindio,,quindio
682183,noticias_caracol,https://www.noticiascaracol.com/noticias/salud,,salud
688168,noticias_caracol,https://www.noticiascaracol.com/noticias/miami,,miami
692261,noticias_caracol,https://www.noticiascaracol.com/noticias/haiti,,haiti
692271,noticias_caracol,https://www.noticiascaracol.com/noticias/bolivar,,bolivar
698164,noticias_caracol,https://www.noticiascaracol.com/noticias/icfes,,icfes
698168,noticias_caracol,https://www.noticiascaracol.com/noticias/squash,,squash
700069,noticias_caracol,https://www.noticiascaracol.com/noticias/aborto,,aborto
700483,noticias_caracol,https://www.noticiascaracol.com/el-proyecto-es-colombia-camino-a-la-cop16/jovenes,,jovenes
700489,noticias_caracol,https://www.noticiascaracol.com/el-proyecto-es-colombia-camino-a-la-cop16/cultura,,cultura
701887,noticias_caracol,https://www.noticiascaracol.com/noticias/ufc,,ufc
701889,noticias_caracol,https://www.noticiascaracol.com/noticias/europa,,europa
701898,noticias_caracol,https://www.noticiascaracol.com/noticias/tenis,,tenis
701903,noticias_caracol,https://www.noticiascaracol.com/noticias/beisbol,,beisbol
701905,noticias_caracol,https://www.noticiascaracol.com/noticias/nfl,,nfl
701909,noticias_caracol,https://www.noticiascaracol.com/noticias/golf,,golf
701916,noticias_caracol,https://www.noticiascaracol.com/mundo,,mundo
703739,noticias_caracol,https://www.noticiascaracol.com/noticias/coi,,coi
703743,noticias_caracol,https://www.noticiascaracol.com/noticias/ineos,,ineos
703745,noticias_caracol,https://www.noticiascaracol.com/noticias/nba,,nba
703747,noticias_caracol,https://www.noticiascaracol.com/noticias/motogp,,motogp
703758,noticias_caracol,https://www.noticiascaracol.com/noticias/bmx,,bmx
703761,noticias_caracol,https://www.noticiascaracol.com/noticias/rugby,,rugby
703766,noticias_caracol,https://www.noticiascaracol.com/noticias/wwe,,wwe
703780,noticias_caracol,https://www.noticiascaracol.com/noticias/hockey,,hockey
703781,noticias_caracol,https://www.noticiascaracol.com/noticias/nhl,,nhl
703782,noticias_caracol,https://www.noticiascaracol.com/noticias/esgrima,,esgrima
705883,noticias_caracol,https://www.noticiascaracol.com/noticias/arkea,,arkea
705886,noticias_caracol,https://www.noticiascaracol.com/noticias/dopaje,,dopaje
705896,noticias_caracol,https://www.noticiascaracol.com/noticias/mlb,,mlb
705902,noticias_caracol,https://www.noticiascaracol.com/noticias/turismo,,turismo
705918,noticias_caracol,https://www.noticiascaracol.com/noticias/ferrari,,ferrari
711779,noticias_caracol,https://www.noticiascaracol.com/noticias/musica,,musica
971585,noticias_rcn,https://www.noticiasrcn.com/opinion/carolina-fierro-66/crisis-379108,,crisis-379108
973706,noticias_rcn,https://www.noticiasrcn.com/opinion/josias-fiesco-155/huecota-384542,,huecota-384542
974359,noticias_rcn,https://www.noticiasrcn.com/colombia/tokio-2020-383873,,tokio-2020-383873
1007628,noticias_rcn,https://www.noticiasrcn.com/opinion/octavio-mora-gomez-251/el-var-424178,,el-var-424178
