first,second,jaccard_top10,probability_overlap,shared_top10
0,1,0.1111111111111111,0.06455482542514801,"bogota, colombia"
0,2,0.05263157894736842,0.05124237760901451,colombia
0,3,0.05263157894736842,0.042474109679460526,colombia
0,4,0.0,0.017603596672415733,
1,2,0.05263157894736842,0.06592962145805359,colombia
1,3,0.1111111111111111,0.08717051893472672,"colombia, tras"
1,4,0.1111111111111111,0.07418258488178253,"covid, tras"
2,3,0.05263157894736842,0.060247913002967834,colombia
2,4,0.0,0.05325089767575264,
3,4,0.05263157894736842,0.07154776901006699,tras
