palabra,frecuencia,rank,residual_log,abs_residual
cali,14186,10,-1.835265613857981,1.835265613857981
dos,12854,11,-1.8352245329126742,1.8352245329126742
nuevo,11492,13,-1.7743352421000758,1.7743352421000758
millones,12533,12,-1.7704616918309988,1.7704616918309988
gobierno,10721,14,-1.7670836489369037,1.7670836489369037
nueva,10412,15,-1.7249246882134663,1.7249246882134663
programa,10327,16,-1.6663274873298644,1.6663274873298644
duque,10197,17,-1.616252092807649,1.616252092807649
completo,9165,19,-1.607840419184388,1.607840419184388
columna,9761,18,-1.6007945019754608,1.6007945019754608
barranquilla,8958,20,-1.577599142119423,1.577599142119423
pais,8877,21,-1.5361869204327299,1.5361869204327299
policia,8862,22,-1.489732060351125,1.489732060351125
personas,8686,23,-1.4637864952122985,1.4637864952122985
nacional,8574,24,-1.432717442551251,1.432717442551251
mujer,8527,25,-1.395965348030023,1.395965348030023
hombre,8245,26,-1.3890043804722119,1.3890043804722119
antioquia,8094,27,-1.3684288084225216,1.3684288084225216
ano,7997,28,-1.3428465657279087,1.3428465657279087
unidos,7890,29,-1.319999020685385,1.319999020685385
