ngram,frecuencia,documentos
programa completo,8822,8822
blu programa,3191,3191
seleccion colombia,2901,2899
claudia lopez,2881,2879
completo cortes,2825,2825
ivan duque,2738,2737
coronavirus colombia,2686,2686
pico placa,2664,2649
gustavo petro,2516,2516
copa america,2318,2313
james rodriguez,2237,2237
voz populi,2208,2208
real madrid,2205,2203
santa marta,2119,2114
paro nacional,1873,1872
caricatura matador,1855,1855
redes sociales,1839,1839
toque queda,1793,1790
vacuna covid,1693,1691
corte suprema,1689,1689
valle cauca,1688,1686
mananas blu,1648,1648
tour francia,1614,1614
casos covid,1603,1602
editorial tiempo,1599,1599
alvaro uribe,1586,1584
egan bernal,1568,1567
reino unido,1551,1551
donald trump,1513,1510
liga betplay,1474,1471
covid colombia,1458,1458
luis diaz,1400,1399
presidente duque,1399,1398
america latina,1392,1391
fin semana,1389,1389
vacunas covid,1329,1329
liga aguila,1265,1265
reforma tributaria,1257,1254
rodolfo hernandez,1230,1230
clan golfo,1229,1229
casos coronavirus,1222,1222
joe biden,1214,1208
nueva york,1213,1213
abuso sexual,1139,1134
fecha liga,1119,1119
copa libertadores,1094,1094
champions league,1076,1076
blog deportivo,1070,1070
papa francisco,1070,1070
giro italia,1061,1060
video noticias,1057,1057
pico cedula,1044,1041
primera vez,1041,1041
vacunacion covid,1038,1037
juegos olimpicos,1029,1029
corte constitucional,1020,1020
daniel quintero,1014,1014
caricatura mil,1012,1012
vuelta espana,987,984
semana santa,979,976
union europea,968,968
nairo quintana,967,967
nina anos,956,956
populi programa,954,954
nuevos casos,950,950
dia iva,943,926
san andres,939,938
deportivo programa,931,931
casos nuevos,923,923
norte santander,893,892
nube programa,874,874
alcaldia bogota,874,873
camila zuluaga,854,854
blu camila,849,849
cristiano ronaldo,848,848
nino anos,846,846
zuluaga programa,839,839
disidencias farc,832,832
aida merlano,819,817
muertes coronavirus,814,813
juan carlos,813,813
caricatura guerreros,808,808
tras ser,807,807
programacion deportiva,805,805
contagios covid,798,798
muertes covid,797,797
bla bla,796,772
nicolas maduro,796,796
millones dolares,784,784
cambio climatico,759,756
premier league,754,754
dos anos,752,752
bla blu,748,748
casos muertes,744,743
asi puede,732,732
minuto minuto,727,727
millones pesos,721,721
lideres sociales,719,718
salario minimo,718,713
falsos positivos,714,712
