caso,source_id,articulos,titulos_ventana,pct_ventana
Reforma y paro 2021,blu_radio,354,7550,4.688741721854305
Reforma y paro 2021,cambio,0,0,
Reforma y paro 2021,el_tiempo,745,13989,5.325612981628423
Reforma y paro 2021,la_republica,64,4784,1.3377926421404682
Reforma y paro 2021,noticias_caracol,209,3936,5.309959349593496
Reforma y paro 2021,noticias_rcn,75,3274,2.2907758094074526
Bombardeo y menores 2019,blu_radio,32,1510,2.119205298013245
Bombardeo y menores 2019,cambio,0,0,
Bombardeo y menores 2019,el_tiempo,22,1969,1.1173184357541899
Bombardeo y menores 2019,la_republica,1,1017,0.09832841691248771
Bombardeo y menores 2019,noticias_caracol,26,997,2.6078234704112337
Bombardeo y menores 2019,noticias_rcn,15,696,2.1551724137931036
Centros Poblados 2021,blu_radio,124,7965,1.556811048336472
Centros Poblados 2021,cambio,0,0,
Centros Poblados 2021,el_tiempo,145,13734,1.055773991553808
Centros Poblados 2021,la_republica,22,3969,0.5542957923910304
Centros Poblados 2021,noticias_caracol,74,3993,1.8532431755572252
Centros Poblados 2021,noticias_rcn,52,4551,1.1426060206548012
