source_id,year,date_precision,articulos
blu_radio,2018,day,14479
blu_radio,2018,month,386
blu_radio,2019,day,34786
blu_radio,2019,month,1295
blu_radio,2020,day,40026
blu_radio,2020,month,2981
blu_radio,2021,day,43929
blu_radio,2021,month,1305
blu_radio,2022,day,26629
blu_radio,2022,month,777
cambio,2022,day,98
el_tiempo,2018,day,21173
el_tiempo,2019,day,57988
el_tiempo,2020,day,59734
el_tiempo,2021,day,77701
el_tiempo,2022,day,46549
la_republica,2018,day,8802
la_republica,2018,month,256
la_republica,2019,day,21095
la_republica,2019,month,1016
la_republica,2020,day,21966
la_republica,2020,month,680
la_republica,2021,day,23396
la_republica,2021,month,457
la_republica,2022,day,13872
la_republica,2022,month,261
noticias_caracol,2018,day,10117
noticias_caracol,2018,month,264
noticias_caracol,2019,day,23395
noticias_caracol,2019,month,696
noticias_caracol,2020,day,34612
noticias_caracol,2020,month,2297
noticias_caracol,2021,day,23047
noticias_caracol,2021,month,930
noticias_caracol,2022,day,13064
noticias_caracol,2022,month,962
noticias_rcn,2018,month,4191
noticias_rcn,2019,day,2061
noticias_rcn,2019,month,10653
noticias_rcn,2020,day,10330
noticias_rcn,2020,month,5864
noticias_rcn,2021,day,22748
noticias_rcn,2021,month,2450
noticias_rcn,2022,day,18550
noticias_rcn,2022,month,900
