caso,article_id,source_id,fecha,date_precision,title_source,title,url
Reforma y paro 2021,760911,blu_radio,2021-04-15,day,slug,Reforma tributaria propondria que estratos al paguen iva del en sus servicios publicos,https://www.bluradio.com/economia/reforma-tributaria-propondria-que-estratos-4-al-6-paguen-iva-del-19-en-sus-servicios-publicos
Reforma y paro 2021,760940,blu_radio,2021-04-15,day,slug,Reforma tributaria conozca el listado de productos que estan excluidos del iva,https://www.bluradio.com/economia/reforma-tributaria-conozca-el-listado-de-productos-que-estan-excluidos-del-iva
Reforma y paro 2021,760962,blu_radio,2021-04-15,day,slug,Reforma tributaria duque pide al congreso apoyo para aprobarla,https://www.bluradio.com/economia/reforma-tributaria-duque-pide-al-congreso-apoyo-para-aprobarla
Reforma y paro 2021,433079,el_tiempo,2021-04-15,day,slug,Reforma tributaria asi sera el freno en el gasto publico,https://www.eltiempo.com/economia/sectores/reforma-tributaria-asi-sera-el-freno-en-el-gasto-publico-581224
Reforma y paro 2021,433080,el_tiempo,2021-04-15,day,slug,Reforma tributaria quien debe pagar el impuesto a la riqueza,https://www.eltiempo.com/economia/sectores/reforma-tributaria-quien-debe-pagar-el-impuesto-a-la-riqueza-581122
Reforma y paro 2021,433095,el_tiempo,2021-04-15,day,slug,Politicos reaccionan a la radicacion de la reforma tributaria,https://www.eltiempo.com/politica/politicos-reaccionan-a-la-radicacion-de-la-reforma-tributaria-581277
Reforma y paro 2021,896767,la_republica,2021-04-15,day,slug,Esto es lo que trae la reforma tributaria que radicara el ministerio de hacienda,https://www.larepublica.co/economia/esto-es-lo-que-trae-la-reforma-tributaria-que-radicara-el-ministerio-de-hacienda-3153842
Reforma y paro 2021,896810,la_republica,2021-04-15,day,slug,Estos son todos los puntos que incluye la tercera reforma tributaria de ivan duque,https://www.larepublica.co/economia/estos-son-todos-los-puntos-que-incluye-la-tercera-reforma-tributaria-de-ivan-duque-3154132
Reforma y paro 2021,896861,la_republica,2021-04-15,day,slug,Los impuestos a los mas ricos que tiene la reforma tributaria,https://www.larepublica.co/economia/los-impuestos-a-los-mas-ricos-que-tiene-la-reforma-tributaria-3154418
Reforma y paro 2021,682382,noticias_caracol,2021-04-15,day,slug,Subir iva al cafe sal azucar y chocolate crece preocupacion en congreso sobre reforma tributaria,https://www.noticiascaracol.com/politica/subir-iva-al-cafe-sal-azucar-y-chocolate-crece-preocupacion-en-congreso-sobre-reforma-tributaria
Reforma y paro 2021,682403,noticias_caracol,2021-04-15,day,slug,Si vamos a subir el iva es necesario devolverselo a los pobres experto analiza reforma tributaria,https://www.noticiascaracol.com/economia/si-vamos-a-subir-el-iva-es-necesario-devolverselo-a-los-pobres-experto-analiza-reforma-tributaria
Reforma y paro 2021,682463,noticias_caracol,2021-04-15,day,slug,Reforma tributaria oposicion propone que las iglesias paguen impuesto a la renta,https://www.noticiascaracol.com/economia/reforma-tributaria-oposicion-propone-que-las-iglesias-paguen-impuesto-a-la-renta
Reforma y paro 2021,969341,noticias_rcn,2021-04-15,day,slug,Reforma tributaria ya fue radicada ante el congreso de la republica,https://www.noticiasrcn.com/economia/reforma-tributaria-ya-fue-radicada-ante-el-congreso-de-la-republica-378258
Reforma y paro 2021,969365,noticias_rcn,2021-04-15,day,slug,Asi impactara la reforma tributaria el bolsillo de los colombianos,https://www.noticiasrcn.com/economia/asi-impactara-la-reforma-tributaria-el-bolsillo-de-los-colombianos-378342
Reforma y paro 2021,969368,noticias_rcn,2021-04-15,day,slug,Reforma tributaria este es el que presentara el gobierno,https://www.noticiasrcn.com/economia/reforma-tributaria-este-es-el-documento-que-presentara-el-gobierno-378340
Bombardeo y menores 2019,275327,blu_radio,2019-11-07,day,slug,Roy barreras denuncio que siete ninos murieron en bombardeo de las ff mm,https://www.bluradio.com/nacion/roy-barreras-denuncio-que-siete-ninos-murieron-en-bombardeo-de-las-ff-mm
Bombardeo y menores 2019,275346,blu_radio,2019-11-07,day,slug,Ministro de defensa en la cuerda floja por denuncia de muerte de siete menores en bombardeo,https://www.bluradio.com/nacion/ministro-de-defensa-en-la-cuerda-floja-por-denuncia-de-muerte-de-siete-menores-en-bombardeo
Bombardeo y menores 2019,275352,blu_radio,2019-11-07,day,slug,Centro democratico respalda a botero tras denuncias de muerte de ninos en bombardeo,https://www.bluradio.com/nacion/centro-democratico-respalda-a-botero-tras-denuncias-de-muerte-de-ninos-en-bombardeo
Bombardeo y menores 2019,92844,el_tiempo,2019-11-06,day,slug,Reclutamiento de menores y otras violencias que siguen en territorios de colombia,https://www.eltiempo.com/justicia/conflicto-y-narcotrafico/reclutamiento-de-menores-y-otras-violencias-que-siguen-en-territorios-de-colombia-430986
Bombardeo y menores 2019,92917,el_tiempo,2019-11-06,day,slug,En bombardeo en el caguan fallecieron ocho menores de edad,https://www.eltiempo.com/justicia/conflicto-y-narcotrafico/en-bombardeo-en-el-caguan-fallecieron-ocho-menores-de-edad-430988
Bombardeo y menores 2019,92945,el_tiempo,2019-11-06,day,slug,Operativo en el que murio gildardo cucho y siete menores de edad,https://www.eltiempo.com/justicia/conflicto-y-narcotrafico/operativo-en-el-que-murio-gildardo-cucho-y-siete-menores-de-edad-406972
Bombardeo y menores 2019,353155,la_republica,2019-11-04,day,slug,Supermercados de cencosud se beneficiaran ante menores danos que su competencia,https://www.larepublica.co/empresas/supermercados-de-cencosud-se-beneficiaran-ante-menores-danos-que-su-competencia-2928650
Bombardeo y menores 2019,188529,noticias_caracol,2019-11-06,day,slug,Le escondio a colombia que bombardeo a siete ninos roy barreras acusa al ministro de defensa,https://www.noticiascaracol.com/politica/le-escondio-a-colombia-que-bombardeo-a-siete-ninos-roy-barreras-acusa-al-ministro-de-defensa
Bombardeo y menores 2019,188537,noticias_caracol,2019-11-06,day,slug,Personeria denuncio reclutamiento forzado de ninos antes del bombardeo a disidencias de las farc,https://www.noticiascaracol.com/colombia/personeria-denuncio-reclutamiento-forzado-de-ninos-antes-del-bombardeo-a-disidencias-de-las-farc
Bombardeo y menores 2019,188544,noticias_caracol,2019-11-06,day,slug,Fuerzas militares dicen que no sabian que en campamento de el cucho habia menores de edad,https://www.noticiascaracol.com/politica/fuerzas-militares-dicen-que-no-sabian-que-en-campamento-de-el-cucho-habia-menores-de-edad
Bombardeo y menores 2019,393735,noticias_rcn,2019-11-01,month,slug,Rescatan a menor de cuatro anos que cuidaba a sus dos hermanas menores,https://www.noticiasrcn.com/colombia/rescatan-a-menor-de-cuatro-anos-que-cuidaba-a-sus-dos-hermanas-menores-349964
Bombardeo y menores 2019,394079,noticias_rcn,2019-11-01,month,slug,Menores heridos en accidente de transito en narino permanecen estables,https://www.noticiasrcn.com/colombia/menores-heridos-en-accidente-de-transito-en-narino-permanecen-estables-349578
Bombardeo y menores 2019,394251,noticias_rcn,2019-11-01,month,slug,Este es el grave panorama sobre el reclutamiento de menores en colombia,https://www.noticiasrcn.com/colombia/este-es-el-grave-panorama-sobre-el-reclutamiento-de-menores-en-colombia-349390
Centros Poblados 2021,777709,blu_radio,2021-08-01,month,slug,Centros poblados,https://www.bluradio.com/noticias/centros-poblados
Centros Poblados 2021,774632,blu_radio,2021-08-06,day,slug,Mintic e innpulsa lanzan convocatoria para fortalecer a emprendimientos digitales,https://www.bluradio.com/tecnologia/mintic-e-innpulsa-lanzan-convocatoria-para-fortalecer-a-140-emprendimientos-digitales
Centros Poblados 2021,774990,blu_radio,2021-08-10,day,slug,Mintic debera responder en el congreso por escandalo de millones perdidos,https://www.bluradio.com/politica/mintic-debera-responder-en-el-congreso-por-escandalo-de-70-000-millones-perdidos
Centros Poblados 2021,462074,el_tiempo,2021-08-08,day,slug,Corrupcion escandalo por garantias falsas en mintic destapa otro caso,https://www.eltiempo.com/unidad-investigativa/corrupcion-escandalo-por-garantias-falsas-en-mintic-destapa-otro-caso-609052
Centros Poblados 2021,461987,el_tiempo,2021-08-09,day,slug,Mintic falsificaron correos de itau en caso de presuntas garantias falsas,https://www.eltiempo.com/unidad-investigativa/mintic-falsificaron-correos-de-itau-en-caso-de-presuntas-garantias-falsas-609220
Centros Poblados 2021,461729,el_tiempo,2021-08-10,day,slug,Mintic tutela frena proceso contra interventor de polemico contrato,https://www.eltiempo.com/unidad-investigativa/mintic-tutela-frena-proceso-contra-interventor-de-polemico-contrato-609503
Centros Poblados 2021,907308,la_republica,2021-08-03,day,slug,Los colegios rurales del contrato de ut centros poblados quedaran conectados,https://www.larepublica.co/economia/los-7-000-colegios-rurales-del-contrato-de-ut-centros-poblados-quedaran-conectados-3210660
Centros Poblados 2021,907422,la_republica,2021-08-03,day,slug,Mintic logro alianza con companias para promover contratacion de programadores,https://www.larepublica.co/economia/mintic-logro-alianza-con-18-companias-para-promover-contratacion-de-programadores-3211307
Centros Poblados 2021,906416,la_republica,2021-08-05,day,slug,Mintic transformara en tiendas virtuales a emprendimientos y mipymes,https://www.larepublica.co/economia/mintic-transformara-en-tiendas-virtuales-a-6-400-emprendimientos-y-mipymes-3212581
Centros Poblados 2021,690850,noticias_caracol,2021-08-10,day,slug,Escandalo en mintic por contrato de conectividad con la union temporal centros poblados,https://www.noticiascaracol.com/politica/escandalo-en-mintic-por-contrato-de-conectividad-con-la-union-temporal-centros-poblados
Centros Poblados 2021,690910,noticias_caracol,2021-08-11,day,slug,Mintic estaba advertida de problemas que vendrian con contratista centros poblados camilo enciso,https://www.noticiascaracol.com/politica/mintic-estaba-advertida-de-problemas-que-vendrian-con-contratista-centros-poblados-camilo-enciso
Centros Poblados 2021,690916,noticias_caracol,2021-08-11,day,slug,Si no cumplo me llevan al cementerio promesa que hizo karen abudinen sobre millonario proyecto,https://www.noticiascaracol.com/politica/si-no-cumplo-me-llevan-al-cementerio-promesa-que-hizo-karen-abudinen-sobre-millonario-proyecto
Centros Poblados 2021,976731,noticias_rcn,2021-08-13,day,slug,Union centros poblados aseguro que anticipo de mil millones de mintic no esta perdido,https://www.noticiasrcn.com/colombia/union-centros-poblados-aseguro-que-anticipo-de-70-mil-millones-de-mintic-no-esta-perdido-385634
Centros Poblados 2021,976294,noticias_rcn,2021-08-18,day,slug,Contraloria procuraduria y fiscalia estan investigando el millonario contrato de las mintic,https://www.noticiasrcn.com/colombia/contraloria-procuraduria-y-fiscalia-estan-investigando-el-millonario-contrato-de-las-mintic-385991
Centros Poblados 2021,976335,noticias_rcn,2021-08-18,day,slug,Abren proceso de responsabilidad fiscal por polemico contrato de mintic,https://www.noticiasrcn.com/colombia/abren-proceso-de-responsabilidad-fiscal-por-polemico-contrato-de-mintic-385941
