tema,source_id,articulos,denominador_titulos,pct_medio
Reforma tributaria,blu_radio,689,165916,0.415270377781528
Reforma tributaria,cambio,0,98,0.0
Reforma tributaria,el_tiempo,1067,262968,0.4057527912141401
Reforma tributaria,la_republica,989,91743,1.0780114014148219
Reforma tributaria,noticias_caracol,345,109085,0.31626713113626986
Reforma tributaria,noticias_rcn,284,77743,0.36530620120139434
Conflicto armado,blu_radio,3268,165916,1.9696713999855349
Conflicto armado,cambio,0,98,0.0
Conflicto armado,el_tiempo,3494,262968,1.328678774603754
Conflicto armado,la_republica,92,91743,0.10028013036416947
Conflicto armado,noticias_caracol,1816,109085,1.664756840995554
Conflicto armado,noticias_rcn,1533,77743,1.9718817128230195
Corrupcion,blu_radio,1118,165916,0.6738349526266303
Corrupcion,cambio,0,98,0.0
Corrupcion,el_tiempo,1161,262968,0.44149858537920966
Corrupcion,la_republica,318,91743,0.3466204506065858
Corrupcion,noticias_caracol,558,109085,0.5115277077508366
Corrupcion,noticias_rcn,410,77743,0.5273786707484919
