topic,palabra,peso
0,emision,0.03804986923933029
0,bogota,0.02810426987707615
0,martes,0.010782062076032162
0,jueves,0.010530835017561913
0,nacional,0.010106819681823254
0,miercoles,0.01006571389734745
0,lunes,0.00993726123124361
0,colombia,0.00960381980985403
0,julio,0.008091817609965801
0,elecciones,0.0075781019404530525
1,covid,0.017655333504080772
1,colombia,0.014402256347239017
1,dos,0.014151658862829208
1,bogota,0.013693846762180328
1,anos,0.013642827048897743
1,tras,0.011741728521883488
1,coronavirus,0.01083539891988039
1,personas,0.010257079266011715
1,tres,0.007679264061152935
1,millones,0.007210581563413143
2,colombia,0.022720826789736748
2,duque,0.012657643295824528
2,ucrania,0.01124054566025734
2,unidos,0.010355222038924694
2,presidente,0.009768099524080753
2,rusia,0.00956741813570261
2,gobierno,0.00893233809620142
2,viernes,0.008427560329437256
2,venezuela,0.008126186206936836
2,james,0.008120564743876457
3,colombia,0.009957964532077312
3,asi,0.00786086916923523
3,video,0.007290642708539963
3,tras,0.0066316197626292706
3,pico,0.006548169068992138
3,primera,0.00631570303812623
3,america,0.005837437231093645
3,mundial,0.005660001188516617
3,nuevo,0.0056456224992871284
3,placa,0.00555521110072732
4,petro,0.02038552798330784
4,gustavo,0.015522257424890995
4,luis,0.013067708350718021
4,caso,0.012302112765610218
4,diaz,0.01024705357849598
4,covid,0.00852450355887413
4,nuevos,0.007222447078675032
4,fiscalia,0.006330463103950024
4,tras,0.006188190076500177
4,paso,0.0051492066122591496
